depth_m,ratio,pump_W,pump_ratio,Rb_mK_W,mass_per_borehole_kg_s
50,0.4,5.637805141229924,0.06529599393384632,0.17702960204116908,0.08
50,0.41100000000000003,6.111467208575564,0.07078185850371452,0.17579657099795548,0.08220000000000001
50,0.42200000000000004,6.6108770241047425,0.0765659286282422,0.17476624889887407,0.08440000000000002
50,0.43300000000000005,7.136711544933975,0.08265604469684797,0.17380598236201208,0.08660000000000002
50,0.444,7.689647542078689,0.08906004494356279,0.17290941712573116,0.0888
50,0.455,8.270361606680328,0.09578576551915113,0.17207090797918867,0.091
50,0.466,8.879530155874527,0.10284104055907507,0.1712854257306008,0.09320000000000002
50,0.47700000000000004,9.51782943832929,0.11023370224763643,0.1705484781156861,0.09540000000000001
50,0.48800000000000004,10.185935539479132,0.11797158087859755,0.16985604230851065,0.09760000000000002
50,0.499,10.88452438647849,0.1260625049125509,0.16920450712715746,0.0998
50,0.51,11.614271752895581,0.1345143010312822,0.16859062338680017,0.10200000000000001
50,0.521,12.375853263165647,0.14333479418934747,0.168011461085388,0.10420000000000001
50,0.532,13.169944396821002,0.15253180766306423,0.1674643724032529,0.10640000000000001
50,0.543,13.9972204925135,0.1621131630970992,0.1669469596069986,0.10860000000000002
50,0.554,14.858356751843738,0.1720866805488172,0.16645704713797188,0.11080000000000001
50,0.5650000000000001,15.754028243010007,0.18246017853054297,0.165992657271809,0.11300000000000002
50,0.5760000000000001,16.68490990428896,0.19324147404987327,0.1655519888363085,0.11520000000000002
50,0.5870000000000001,17.651676547358893,0.20443838264816652,0.16513339855621478,0.11740000000000002
50,0.5980000000000001,18.655002860475594,0.21605871843732513,0.1647353846607554,0.11960000000000003
50,0.609,19.695563411510008,0.2281102941349769,0.1643565724455757,0.1218
50,0.6200000000000001,20.77403265085623,0.24060092109815506,0.16399570152718498,0.12400000000000003
50,0.631,21.891084914217394,0.25353840935556365,0.16365161456684138,0.1262
50,0.642,23.04739442527708,0.26693056763851747,0.1633232472733364,0.12840000000000001
50,0.653,24.243635298262408,0.28078520341062735,0.16300961952148305,0.1306
50,0.664,25.48048154040534,0.2951101228963063,0.16270982744616794,0.1328
50,0.675,26.758607054307767,0.30991313110816165,0.1624230364039742,0.13500000000000004
50,0.686,28.078685640215628,0.3252020318733335,0.16214847462326987,0.13720000000000002
50,0.6970000000000001,29.441390998207222,0.34098462785883926,0.16188542763787342,0.13940000000000002
50,0.7080000000000001,30.847396730299877,0.3572687205959726,0.16163323318232095,0.14160000000000003
50,0.7190000000000001,32.29737634247976,0.3740621105038125,0.16139127666154568,0.14380000000000004
50,0.73,33.792003246658396,0.3913725969118832,0.16115898706449733,0.146
50,0.7410000000000001,35.3319507625599,0.40920797808201176,0.16093583328188069,0.14820000000000003
50,0.752,36.91789211954207,0.4275760512294197,0.16072132078292276,0.1504
50,0.7630000000000001,38.55050045835515,0.4464846125430926,0.1605149886116572,0.1526
50,0.774,40.23044883284058,0.4659414572054544,0.16031640666804553,0.15480000000000002
50,0.7850000000000001,41.95841021157333,0.4859543794113893,0.16012517324343206,0.15700000000000006
50,0.796,43.735057479449765,0.5065311723866315,0.1599409127834603,0.1592
50,0.807,45.56106343922447,0.5276796284055647,0.15976327385472988,0.16140000000000002
50,0.8180000000000001,47.43710081299731,0.5494075388084447,0.15959192729422422,0.16360000000000002
50,0.8290000000000001,49.363842243653906,0.5717226940180832,0.15942656452293769,0.16580000000000003
50,0.8400000000000001,51.3419602962611,0.5946328835560092,0.1592668960072272,0.168
50,0.8510000000000001,53.37212745941954,0.6181458960581349,0.15911264985325463,0.17020000000000002
50,0.8620000000000001,55.45501614657526,0.6422695192899458,0.1589635705214948,0.17240000000000003
50,0.873,57.59129869729203,0.667011540161237,0.15881941764970525,0.1746
50,0.8840000000000001,59.781647378486085,0.6923797447404137,0.15867996497399964,0.17680000000000004
50,0.895,62.0267343856246,0.7183819182683717,0.15854499933876873,0.17900000000000002
50,0.906,64.32723184389029,0.745025845171985,0.15841431978716453,0.1812
50,0.917,66.68381180931202,0.7723193090772011,0.15828773672472315,0.1834
50,0.928,69.09714626986428,0.8002700928217747,0.15816507114946396,0.18560000000000001
50,0.9390000000000001,71.56790714653594,0.8288859784676454,0.15804615394247976,0.18780000000000002
50,0.9500000000000001,74.0967662943695,0.8581747473129747,0.15793082521362917,0.19
50,0.9610000000000001,76.6843955034726,0.8881441799038605,0.1578189336974837,0.19220000000000004
50,0.9720000000000001,79.3314665000018,0.9188020560457315,0.15771033619515007,0.19440000000000004
50,0.9830000000000001,82.03865094712098,0.9501561548144475,0.15760489705801953,0.19660000000000002
50,0.9940000000000001,84.80662044593424,0.9822142545671029,0.15750248806298844,0.19880000000000003
50,1.0050000000000001,87.63604653639469,1.0149841329525533,0.15740298654728788,0.20100000000000004
50,1.016,90.52760069819006,1.048473566921672,0.15730627714676493,0.20320000000000002
50,1.0270000000000001,93.48195435160596,1.0826903327373487,0.15721224997181757,0.20540000000000003
50,1.038,96.4997788583672,1.1176422059842317,0.15712080061691672,0.2076
50,1.049,99.58174552245877,1.1533369615782392,0.15703182983162148,0.20980000000000001
50,1.06,102.72852559092625,1.1897823737758264,0.15694524321453404,0.21200000000000002
50,1.0710000000000002,105.94079025465705,1.226986216183036,0.1568609509283775,0.21420000000000006
50,1.082,109.21921064914271,1.2649562617643266,0.15677886743454023,0.21640000000000004
50,1.093,112.56445785522352,1.3037002828511952,0.15669891124557686,0.2186
50,1.104,115.97720289981531,1.343226051150597,0.1566210046942855,0.22080000000000002
50,1.1150000000000002,119.45811675661903,1.3835413377531618,0.15654507371809934,0.22300000000000006
50,1.1260000000000001,123.00787034681466,1.4246539131412315,0.15647104765763886,0.22520000000000004
50,1.137,126.62713453973899,1.4665715471967107,0.15639885906836729,0.22740000000000002
50,1.1480000000000001,130.31658015354802,1.5093020092087366,0.15632844354438005,0.22960000000000003
50,1.1590000000000003,134.07687795586443,1.55285306788118,0.1562597395534404,0.23180000000000006
50,1.1700000000000002,137.90869866441122,1.597232491339983,0.15619268828244365,0.23400000000000004
50,1.181,141.81271294763087,1.6424480471403289,0.1561272334925607,0.23620000000000002
50,1.1920000000000002,145.7895914252917,1.6885075022736675,0.15606332138337195,0.23840000000000006
50,1.203,149.8400046690802,1.7354186231745732,0.15600090046535586,0.2406
50,1.214,153.96462320318187,1.7831891757274732,0.15593992144014762,0.2428
50,1.225,158.16411750484917,1.8318269252732244,0.15588033708802967,0.24500000000000005
50,1.2360000000000002,162.43915800495722,1.881339636615551,0.1558221021621566,0.24720000000000006
50,1.247,166.790415088549,1.9317350740273578,0.15576517328905562,0.24940000000000004
50,1.258,171.21855909536842,1.9830210012569038,0.1557095088749786,0.2516
50,1.2690000000000001,175.72426032038348,2.0352051815338625,0.1556550690177139,0.2538
50,1.2800000000000002,180.30818901429694,2.0882953775752355,0.15560181542349583,0.25600000000000006
50,1.2910000000000001,184.97101538404948,2.1422993515911806,0.15554971132867546,0.25820000000000004
50,1.302,189.7134095933109,2.1972248652906994,0.15549872142584262,0.2604
50,1.3130000000000002,194.53604176296236,2.2530796798872244,0.15544881179411074,0.26260000000000006
50,1.324,199.4395819715687,2.309871556104089,0.15539994983329675,0.26480000000000004
50,1.335,204.42470025584282,2.3676082541799035,0.15535210420174927,0.26699999999999996
50,1.346,209.4920666110999,2.4262975338738197,0.1553052447575932,0.26920000000000005
50,1.3570000000000002,214.642350991703,2.4859471544706895,0.15525934250317738,0.27140000000000003
50,1.368,219.8762233115016,2.546564874786142,0.15521436953252735,0.2736
50,1.379,225.19435344426049,2.608158453171555,0.15517029898161508,0.27580000000000005
50,1.3900000000000001,230.59741122408147,2.6707356475189363,0.15512710498127677,0.278
50,1.4010000000000002,236.08606644581698,2.7343042152657158,0.15508476261261564,0.2802000000000001
50,1.412,241.66098886547556,2.7988719133994397,0.15504324786474105,0.2824
50,1.423,247.32284820062276,2.8644464984624154,0.15500253759470392,0.2846
50,1.4340000000000002,253.07231413077017,2.9310357265562157,0.15496260948949883,0.28680000000000005
50,1.4450000000000003,258.9100562977617,2.998647353346155,0.15492344203001077,0.2890000000000001
50,1.456,264.8367443061507,3.067289134065654,0.15488501445679267,0.2912
50,1.467,270.853047723572,3.1369688235205504,0.1548473067375686,0.29340000000000005
50,1.4780000000000002,276.9596360811058,3.207694176093314,0.1548102995363625,0.29560000000000003
50,1.4890000000000003,283.15717887363655,3.2794729457472003,0.15477397418415925,0.29780000000000006
50,1.5,289.44634556020463,3.352312886030328,0.15473831265101295,0.30000000000000004
100,0.4,6.1117981481879,0.06643258856725977,0.22330425632354142,0.08
100,0.41100000000000003,6.621284991866636,0.07197048904202864,0.21998948673636043,0.08220000000000001
100,0.42200000000000004,7.1581921874203065,0.07780643681978593,0.2169647123916986,0.08440000000000002
100,0.43300000000000005,7.72322930214907,0.08394814458857684,0.21413814281372473,0.08660000000000002
100,0.444,8.317105531150903,0.09040332099077067,0.2114929970122382,0.0888
100,0.455,8.940529709775802,0.09717967075843262,0.20901420966719725,0.091
100,0.466,9.594210325362162,0.10428489484089305,0.20668822764532907,0.09320000000000002
100,0.47700000000000004,10.27885552831312,0.11172669052514259,0.2045028337809141,0.09540000000000001
100,0.48800000000000004,10.995173142564816,0.11951275154961755,0.20244699387003176,0.09760000000000002
100,0.499,11.743870675493255,0.1276507682118832,0.20051072348174445,0.0998
100,0.51,12.525655327301974,0.13614842747067363,0.19868497176017572,0.10200000000000001
100,0.521,13.341233999928587,0.14501341304270202,0.1969615197569828,0.10420000000000001
100,0.532,14.191313305504849,0.1542534054946179,0.1953328913428193,0.10640000000000001
100,0.543,15.076599574401586,0.163876082330452,0.1937922749201526,0.10860000000000002
100,0.554,15.997798862887107,0.17388911807485982,0.1923334544992377,0.11080000000000001
100,0.5650000000000001,16.955616960425107,0.1843001843524468,0.19095074888847954,0.11300000000000002
100,0.5760000000000001,17.95075939663603,0.1951169499634351,0.1896389579358616,0.11520000000000002
100,0.5870000000000001,18.983931447943583,0.20634708095590848,0.1883933149109756,0.11740000000000002
100,0.5980000000000001,20.05583814392645,0.21799824069485269,0.18720944424621563,0.11960000000000003
100,0.609,21.16718427339367,0.230078089928192,0.1860833239648706,0.1218
100,0.6200000000000001,22.31867439020051,0.2425942868500055,0.1850112522164731,0.12400000000000003
100,0.631,23.511012818820394,0.2555544871610912,0.1839898174185181,0.1262
100,0.642,24.744903659687598,0.26896634412703907,0.18301587157080415,0.12840000000000001
100,0.653,26.021050794323465,0.2828375086339507,0.18208650636600612,0.1306
100,0.664,27.34015789025905,0.2971756292419461,0.18119903176920246,0.1328
100,0.675,28.70292840576525,0.3119883522365787,0.1803509567986379,0.13500000000000004
100,0.686,30.110065594401085,0.3272833216782726,0.17953997215547726,0.13720000000000002
100,0.6970000000000001,31.562272509390233,0.34306817944989376,0.17876393474052574,0.13940000000000002
100,0.7080000000000001,33.060252007834514,0.359350565302549,0.17802085353004252,0.14160000000000003
100,0.7190000000000001,34.60470675477337,0.37613811689971044,0.17730887689344907,0.14380000000000004
100,0.73,36.19633922709695,0.3934384698597494,0.17662628110681425,0.146
100,0.7410000000000001,37.835851717320615,0.41125925779696315,0.17597145994885485,0.14820000000000003
100,0.752,39.523946337227095,0.42960811236116403,0.1753429152651547,0.1504
100,0.7630000000000001,41.26132502138399,0.44849266327591286,0.17473924839961325,0.1526
100,0.774,43.04868953054129,0.4679205383754487,0.17415915240376542,0.15480000000000002
100,0.7850000000000001,44.88674145491603,0.48789936364039155,0.1736014049447721,0.15700000000000006
100,0.796,46.776182217368145,0.5084367632322624,0.17306486184179148,0.1592
100,0.807,48.71771307647387,0.5295403595268898,0.17254845116824685,0.16140000000000002
100,0.8180000000000001,50.71203512950006,0.5512177731467397,0.17205116786437438,0.16360000000000002
100,0.8290000000000001,52.75984931528506,0.5734766229922288,0.17157206881047507,0.16580000000000003
100,0.8400000000000001,54.8618564170297,0.5963245262720619,0.1711102683166176,0.168
100,0.8510000000000001,57.01875706500238,0.6197690985326345,0.1706649339892428,0.17020000000000002
100,0.8620000000000001,59.23125173916231,0.6438179536865467,0.17023528293927048,0.17240000000000003
100,0.873,61.50004077170415,0.6684787040402624,0.16982057829999164,0.1746
100,0.8840000000000001,63.825824349527416,0.6937589603209501,0.16942012602628598,0.17680000000000004
100,0.895,66.20930251663371,0.7196663317025402,0.16903327194960108,0.17900000000000002
100,0.906,68.65117517645547,0.7462084258310375,0.1686593990656993,0.1812
100,0.917,71.1521420941176,0.7733928488491042,0.16829792503447,0.1834
100,0.928,73.71290289863622,0.8012272054199587,0.16794829987314236,0.18560000000000001
100,0.9390000000000001,76.33415708505609,0.8297190987506096,0.16761000382605626,0.18780000000000002
100,0.9500000000000001,79.01660401652948,0.8588761306144508,0.1672825453957708,0.19
100,0.9610000000000001,81.76094292633863,0.8887059013732458,0.16696545952174938,0.19220000000000004
100,0.9720000000000001,84.56787291986387,0.9192160099985203,0.16665830589415578,0.19440000000000004
100,0.9830000000000001,87.43809297650013,0.9504140540923925,0.16636066739146857,0.19660000000000002
100,0.9940000000000001,90.37230195152264,0.9823076299078547,0.1660721489557518,0.19880000000000003
100,1.0050000000000001,93.37119857790476,1.0149043323685298,0.16579237494322077,0.20100000000000004
100,1.016,96.43548146808915,1.0482117550879253,0.1655209898459,0.20320000000000002
100,1.0270000000000001,99.56584911571402,1.0822374903881957,0.1652576558084298,0.20540000000000003
100,1.038,102.7629998972962,1.1169891293184369,0.16500205188143338,0.2076
100,1.049,106.02763207387275,1.1524742616725296,0.1647538730166558,0.20980000000000001
100,1.06,109.36044379260191,1.1887004760065423,0.16451282913096893,0.21200000000000002
100,1.0710000000000002,112.76213308832567,1.2256753596557135,0.16427864423391464,0.21420000000000006
100,1.082,116.23339788509429,1.2634064987510247,0.16405105561391686,0.21640000000000004
100,1.093,119.77493599765548,1.3019014782353855,0.1638298130787085,0.2186
100,1.104,123.38744513290787,1.3411678818794333,0.16361467824589385,0.22080000000000002
100,1.1150000000000002,127.07162289132056,1.3812132922969624,0.1634054238799082,0.22300000000000006
100,1.1260000000000001,130.82816676832064,1.4220452909600068,0.1632018332719479,0.22520000000000004
100,1.137,134.65777415564884,1.4636714582135741,0.1630036996597228,0.22740000000000002
100,1.1480000000000001,138.56114234268415,1.506099373290045,0.16281082568414187,0.22960000000000003
100,1.1590000000000003,142.53896851773928,1.5493366143232528,0.16262302288027497,0.23180000000000006
100,1.1700000000000002,146.5919497693271,1.5933907583622509,0.1624401112001453,0.23400000000000004
100,1.181,150.72078308739995,1.6382693813847817,0.1622619185651031,0.23620000000000002
100,1.1920000000000002,154.92616536456137,1.6839800583104494,0.162088280445707,0.23840000000000006
100,1.203,159.20879339725153,1.7305303630136033,0.16191903946720057,0.2406
100,1.214,163.5693638869086,1.7779278683359627,0.16175404503882093,0.2428
100,1.225,168.0085734411045,1.8261801460989615,0.16159315300531016,0.24500000000000005
100,1.2360000000000002,172.52711857465667,1.875294767115833,0.16143622531912563,0.24720000000000006
100,1.247,177.12569571071828,1.9252793012034592,0.16128312973195724,0.24940000000000004
100,1.258,181.80500118184423,1.9761413171939588,0.16113373950426485,0.2516
100,1.2690000000000001,186.56573123103732,2.0278883829460574,0.16098793313164425,0.2538
100,1.2800000000000002,191.40858201277064,2.0805280653562024,0.16084559408691862,0.25600000000000006
100,1.2910000000000001,196.33424959399252,2.1340679303694836,0.16070661057693075,0.25820000000000004
100,1.302,201.34342995510966,2.188515542990322,0.160570875313089,0.2604
100,1.3130000000000002,206.43681899095137,2.2438784672929493,0.16043828529478454,0.26260000000000006
100,1.324,211.61511251171476,2.3001642664316817,0.16030874160486297,0.26480000000000004
100,1.335,216.8790062438925,2.357380502651005,0.16018214921639062,0.26699999999999996
100,1.346,222.22919583118195,2.415534737295456,0.16005841681000746,0.26920000000000005
100,1.3570000000000002,227.66637683537667,2.474634530819311,0.15993745660121106,0.27140000000000003
100,1.368,233.19124473724258,2.534687442796115,0.15981918417695903,0.2736
100,1.379,238.80449493737655,2.5957010319280056,0.15970351834101973,0.27580000000000005
100,1.3900000000000001,244.50682275704904,2.6576828560548806,0.15959038096754102,0.278
100,1.4010000000000002,250.29892343903197,2.7206404721633906,0.15947969686234206,0.2802000000000001
100,1.412,256.1814921484102,2.784581436395763,0.15937139363146557,0.2824
100,1.423,262.1552239733811,2.84951330405849,0.15926540155656055,0.2846
100,1.4340000000000002,268.2208139260353,2.915443629630818,0.15916165347669245,0.28680000000000005
100,1.4450000000000003,274.3789569431279,2.9823799667731286,0.15906008467620528,0.2890000000000001
100,1.456,280.6303478868328,3.0503298683351385,0.15896063277828335,0.2912
100,1.467,286.9756815454865,3.1193008863639835,0.15886323764388527,0.29340000000000005
100,1.4780000000000002,293.4156526343167,3.1893005721121375,0.15876784127574167,0.29560000000000003
100,1.4890000000000003,299.9509557961591,3.2603364760452074,0.1586743877271287,0.29780000000000006
100,1.5,306.58228560216213,3.332416147849588,0.15858282301514878,0.30000000000000004
200,0.4,7.059784162103853,0.06833232744588645,0.3700454562822532,0.08
200,0.41100000000000003,7.640920558448782,0.07395720231655534,0.36125011085925124,0.08220000000000001
200,0.42200000000000004,8.252822514051433,0.07987985998355096,0.3529290743866162,0.08440000000000002
200,0.43300000000000005,8.896264816579261,0.08610779969095472,0.34508110656568114,0.08660000000000002
200,0.444,9.572021509295329,0.09264851347768653,0.3376714408008799,0.0888
200,0.455,10.280865915966752,0.09950948641859614,0.33066847375434144,0.091
200,0.466,11.023570664337432,0.10669819685165789,0.32404341651319213,0.09320000000000002
200,0.47700000000000004,11.800907708280777,0.11422211659238901,0.31776999154181185,0.09540000000000001
200,0.48800000000000004,12.613648348736184,0.1220887111364959,0.31182416843775573,0.09760000000000002
200,0.499,13.462563253522783,0.1303054398516532,0.30618393270092764,0.0998
200,0.51,14.348422476114763,0.13887975615923198,0.30082908276643894,0.10200000000000001
200,0.521,15.27199547345447,0.14781910770671453,0.29574105114816296,0.10420000000000001
200,0.532,16.234051122872547,0.15713093653146576,0.29090274651548154,0.10640000000000001
200,0.543,17.235357738177765,0.1668226792164685,0.2862984137343827,0.10860000000000002
200,0.554,18.276683084973843,0.17690176703857638,0.28191350953667604,0.11080000000000001
200,0.5650000000000001,19.35879439525531,0.1873756261097884,0.27773459177990384,0.11300000000000002
200,0.5760000000000001,20.482458381330176,0.19825167751200806,0.2737492205712089,0.11520000000000002
200,0.5870000000000001,21.648441249112956,0.20953733742570765,0.2699458697797083,0.11740000000000002
200,0.5980000000000001,22.857508710828167,0.22124001725288667,0.2663138476721527,0.11960000000000003
200,0.609,24.110425997160988,0.2333671237346792,0.2628432255831832,0.1218
200,0.6200000000000001,25.40795786888906,0.24592605906393922,0.2595247736802893,0.12400000000000003
200,0.631,26.7508686280264,0.2589242209931037,0.25634990300942506,0.1262
200,0.642,28.13992212850863,0.27236900293761585,0.2533106131140684,0.12840000000000001
200,0.653,29.57588178644557,0.2862677940751609,0.25039944461150904,0.1306
200,0.664,31.059510589966468,0.30062797944095926,0.2476094361879131,0.1328
200,0.675,32.591571108680206,0.3154569400193325,0.2449340855737442,0.13500000000000004
200,0.686,34.172825502772,0.3307620528317513,0.24236731388681554,0.13720000000000002
200,0.6970000000000001,35.80403553175627,0.34655069102155545,0.23990343346923249,0.13940000000000002
200,0.7080000000000001,37.485962562903794,0.36283022393552067,0.23753711824718976,0.14160000000000003
200,0.7190000000000001,39.219367579360565,0.37960801720244236,0.23526337681076068,0.14380000000000004
200,0.73,41.00501118797407,0.39689143280888645,0.23307752776995547,0.146
200,0.7410000000000001,42.843653626842034,0.41468782917225455,0.23097517719409558,0.14820000000000003
200,0.752,44.73605477259715,0.43300456121129377,0.22895219793466928,0.1504
200,0.7630000000000001,46.68297414744164,0.4518489804141846,0.22700471065344016,0.1526
200,0.774,48.6851709259427,0.47122843490431476,0.22512906639657243,0.15480000000000002
200,0.7850000000000001,50.743403941601436,0.49115026950386076,0.2233218305722534,0.15700000000000006
200,0.796,52.85843169320493,0.5116218257952697,0.2215797682040544,0.1592
200,0.807,55.03101235097268,0.5326504421807521,0.21989983034531074,0.16140000000000002
200,0.8180000000000001,57.26190376250553,0.5542434539398609,0.21827914155136666,0.16360000000000002
200,0.8290000000000001,59.55186345854737,0.5764081932852607,0.2167149883167874,0.16580000000000003
200,0.8400000000000001,61.901648658566884,0.5991519894167534,0.2152048083937631,0.168
200,0.8510000000000001,64.31201627616807,0.6224821685736472,0.2137461809160579,0.17020000000000002
200,0.8620000000000001,66.78372292433642,0.6464060540855355,0.21233681726010326,0.17240000000000003
200,0.873,69.31752492052837,0.6709309664215569,0.2109745525813151,0.1746
200,0.8840000000000001,71.91417829161007,0.6960642232381992,0.20965733796951147,0.17680000000000004
200,0.895,74.57443877865194,0.7218131394257057,0.20838323317250249,0.17900000000000002
200,0.906,77.29906184158584,0.748185027153153,0.20715039984158728,0.1812
200,0.917,80.08880266372876,0.7751871959122355,0.2059570952568856,0.1834
200,0.928,82.94441615618005,0.8028269525598274,0.20480166649420015,0.18560000000000001
200,0.9390000000000001,85.86665696209643,0.8311116013593598,0.2036825449985066,0.18780000000000002
200,0.9500000000000001,88.85627946084944,0.8600484440210625,0.2025982415322289,0.19
200,0.9610000000000001,91.9140377720707,0.8896447797411174,0.20154734146923253,0.19220000000000004
200,0.9720000000000001,95.04068575958806,0.9199079052397572,0.20052850040796413,0.19440000000000004
200,0.9830000000000001,98.23697703525842,0.9508451147983635,0.1995404400794367,0.19660000000000002
200,0.9940000000000001,101.50366496269945,0.9824637002955869,0.19858194475121535,0.19880000000000003
200,1.0050000000000001,104.84150266092496,1.0147709512425338,0.1976518567626286,0.20100000000000004
200,1.016,108.2512430078873,1.0477741548170532,0.1967490745434179,0.20320000000000002
200,1.0270000000000001,111.7336386439301,1.081480595897157,0.19587254859079925,0.20540000000000003
200,1.038,115.28944197515415,1.1158975570935976,0.19502127878010878,0.2076
200,1.049,118.91940517670065,1.1510323187816482,0.19419431163413592,0.20980000000000001
200,1.06,122.62428019595326,1.1868921591320947,0.19339073776522453,0.21200000000000002
200,1.0710000000000002,126.40481875566293,1.223484354141481,0.19260968947786858,0.21420000000000006
200,1.082,130.26177235699748,1.2608161776616271,0.19185033852049507,0.21640000000000004
200,1.093,134.19589228251945,1.2988949014284514,0.191111893976011,0.2186
200,1.104,138.20792959909295,1.3377277950901065,0.19039360028149643,0.22080000000000002
200,1.1150000000000002,142.29863516072362,1.3773221262344677,0.1896947353681639,0.22300000000000006
200,1.1260000000000001,146.46875961133267,1.4176851604159826,0.1890146089133824,0.22520000000000004
200,1.137,150.71905338746856,1.4588241611819182,0.18835256069718032,0.22740000000000002
200,1.1480000000000001,155.0502667209565,1.5007463900980058,0.187707959056215,0.22960000000000003
200,1.1590000000000003,159.4631496414889,1.5434591067735137,0.18708019942871362,0.23180000000000006
200,1.1700000000000002,163.95845197915892,1.5869695688857701,0.18646870298437188,0.23400000000000004
200,1.181,168.53692336693814,1.6312850322041441,0.18587291533363615,0.23620000000000002
200,1.1920000000000002,173.19931324310065,1.6764127506135098,0.18529230531120125,0.23840000000000006
200,1.203,177.94637085359417,1.7223599761371957,0.18472636382892718,0.2406
200,1.214,182.77884525436207,1.7691339589594595,0.18417460279372153,0.2428
200,1.225,187.6974853136151,1.8167419474474773,0.18363655408625273,0.24500000000000005
200,1.2360000000000002,192.7030397140556,1.865191188172872,0.18311176859664852,0.24720000000000006
200,1.247,197.7962569550568,1.9144889259328057,0.1825998153136044,0.24940000000000004
200,1.258,202.9778853547959,1.964642403770627,0.18210028046357576,0.2516
200,1.2690000000000001,208.24867305234505,2.0156588629961094,0.1816127666969559,0.2538
200,1.2800000000000002,213.60936800971805,2.0675455432052625,0.18113689231835553,0.25600000000000006
200,1.2910000000000001,219.06071801387864,2.120309682299768,0.1806722905582949,0.25820000000000004
200,1.302,224.60347067870714,2.1739585165060182,0.18021860888380173,0.2604
200,1.3130000000000002,230.23837344692936,2.2284992803937835,0.17977550834557596,0.26260000000000006
200,1.324,235.9661735920069,2.2839392068945106,0.17934266295953846,0.26480000000000004
200,1.335,241.78761821999188,2.3402855273192733,0.17891975912072622,0.26699999999999996
200,1.346,247.70345427134612,2.39754547137638,0.17850649504762744,0.26920000000000005
200,1.3570000000000002,253.714428522724,2.4557262671886337,0.17810258025517942,0.27140000000000003
200,1.368,259.8212875887247,2.5148351413102876,0.1777077350547618,0.2736
200,1.379,266.0247779236086,2.57487931874366,0.1773216900796293,0.27580000000000005
200,1.3900000000000001,272.32564582298403,2.635866022955463,0.17694418583432558,0.278
200,1.4010000000000002,278.7246374254619,2.697802475892813,0.17657497226671395,0.2802000000000001
200,1.412,285.22249871427937,2.760695897998951,0.17621380836134487,0.2824
200,1.423,291.81997551889776,2.824553508228706,0.17586046175296194,0.2846
200,1.4340000000000002,298.5178135165658,2.8893825240636266,0.17551470835902322,0.28680000000000005
200,1.4450000000000003,305.3167582338604,2.955190161526895,0.17517633203018293,0.2890000000000001
200,1.456,312.2175550481971,3.021983635197946,0.17484512421774356,0.2912
200,1.467,319.22094918931566,3.089770158226846,0.17452088365715046,0.29340000000000005
200,1.4780000000000002,326.3276857407384,3.158556942348409,0.17420341606665635,0.29560000000000003
200,1.4890000000000003,333.5385096412042,3.228351197896077,0.17389253386033443,0.29780000000000006
200,1.5,340.854165686077,3.2991601338155503,0.17358805587467188,0.30000000000000004
