plr,kind,historical_UA_ground,historical_UA_indoor,historical_E_cmp_W,historical_COP_sys,comparison_UA_ground,comparison_UA_indoor,old_eta_is,old_eta_v,old_eta_em,old_E_cmp_W,new_E_cmp_W,delta_E_cmp_W,old_COP_comp,new_COP_comp,delta_COP_comp,old_COP_sys,new_COP_sys,delta_COP_sys
0.4,constant,1440,640,314.64357119983623,9.458812521390843,1600,800,0.7,0.9,0.8,314.57063630272603,309.54098771609284,-5.029648586633186,10.172596010901952,10.337887798351929,0.16529178744997708,7.703211230588973,7.796996497583234,0.09378526699426093
0.4,optimal,1440,640,313.6187724485944,9.685374465343022,1600,800,0.7,0.9,0.8,315.35371931773017,310.7959387253499,-4.557780592380254,10.147335528254496,10.29614483742607,0.14880930917157364,9.61941124576808,9.750995642816187,0.13158439704810831
0.5,constant,1440,640,393.725000256901,9.364549095512611,1600,800,0.7,0.9,0.8,393.58152099536414,386.0250438018678,-7.556477193496335,10.163078769257346,10.36202200925868,0.19894324000133423,7.987328878236097,8.108372530864804,0.12104365262870687
0.5,optimal,1440,640,394.16361226339785,9.454098749296072,1600,800,0.7,0.9,0.8,397.1547804043914,389.9734125328008,-7.181367871590567,10.071640069212098,10.257109514263512,0.18546944505141383,9.399589427761954,9.55516790764939,0.1555784798874349
0.6,constant,1440,640,474.4824875432426,9.169756922873598,1600,800,0.7,0.9,0.8,472.80702101189263,462.87154175431215,-9.935479257580482,10.152133506239249,10.370047771370215,0.21791426513096646,8.137369263195353,8.274247565067702,0.13687830187234873
0.6,optimal,1440,640,475.39994345566726,9.186639983650627,1600,800,0.7,0.9,0.8,479.15140952387793,469.3519643639231,-9.799445159954814,10.01771027819714,10.2268667534077,0.2091564752105608,9.14479550105626,9.310763320052745,0.16596781899648505
0.7,constant,1440,640,557.3900221892967,8.878872349085048,1600,800,0.7,0.9,0.8,555.3810100370656,542.8553157308853,-12.525694306180299,10.083167949199886,10.31582419426126,0.23265624506137428,8.14613122197667,8.292790773185022,0.1466595512083515
0.7,optimal,1440,640,557.3900221892967,8.878872349085048,1600,800,0.7,0.9,0.8,561.788847555955,549.3462194856031,-12.44262807035193,9.96815800876544,10.19393562996343,0.22577762119798983,8.853370896900065,9.019920551745262,0.16654965484519657
0.8,constant,1440,640,641.4669618282865,8.506088594787737,1600,800,0.7,0.9,0.8,639.0879415537606,624.5132868050654,-14.574654748695252,10.014271251058531,10.247980523747742,0.23370927268921093,8.06255891123759,8.205616868337955,0.14305795710036584
0.8,optimal,1440,640,639.9505590900419,8.528011501756287,1600,800,0.7,0.9,0.8,645.0845576875103,630.362919582026,-14.721638105484203,9.921179981338614,10.152881461117095,0.2317014797784811,8.52134155059449,8.676858890516623,0.1555173399221328
0.9,constant,1440,640,726.6628956744098,8.041559769829075,1600,800,0.7,0.9,0.8,723.9559981747291,707.4990450459562,-16.456953128772852,9.945355820178255,10.176692181305093,0.23133636112683753,7.888584003653912,8.020704392295265,0.13212038864135334
0.9,optimal,1440,640,723.2073518251686,8.132895710165645,1600,800,0.7,0.9,0.8,729.0263586076973,712.4181350423435,-16.608223565353796,9.876186114519427,10.1064243677234,0.2302382532039733,8.146159490760393,8.281719786239405,0.13556029547901183
1.0,constant,1440,640,978.368394307152,6.959334688576483,1600,800,0.7,0.9,0.8,810.0160472792851,791.6641726328211,-18.35187464646401,9.876347545052628,10.105294993197136,0.22894744814450796,7.619235803679063,7.734665139513994,0.1154293358349312
1.0,optimal,1440,640,892.2403427341234,7.364017217692734,1600,800,0.7,0.9,0.8,812.2543914231886,794.374218208517,-17.880173214671572,9.849131115170492,10.07082029681389,0.22168918164339857,7.71382125793356,7.816219148358384,0.1023978904248235
