max_ratio,kind,plr,prescribed_ratio,water_reference_L_min,constant_setpoint_L_min,ground_flow_L_min,P_ref_cmp_in [Pa],P_ref_cmp_out [Pa],P_ref_exp_in [Pa],P_ref_exp_out [Pa],P_ref_evap_sat [Pa],P_ref_cond_sat_l [Pa],P_ref_cond_sat_v [Pa],T_ref_cmp_in [°C],T_ref_cmp_out [°C],T_ref_exp_in [°C],T_ref_exp_out [°C],T_ref_evap_sat [°C],T_ref_cond_sat_l [°C],T_ref_cond_sat_v [°C],h_ref_cmp_in [J/kg],h_ref_cmp_out [J/kg],h_ref_cond_sat_v [J/kg],h_ref_exp_in [J/kg],h_ref_exp_out [J/kg],h_ref_evap_sat [J/kg],h_ref_cond_sat_l [J/kg],s_ref_cmp_in [J/(kg·K)],s_ref_cmp_out [J/(kg·K)],s_ref_cond_sat_v [J/(kg·K)],s_ref_exp_in [J/(kg·K)],s_ref_exp_out [J/(kg·K)],s_ref_evap_sat [J/(kg·K)],s_ref_cond_sat_l [J/(kg·K)],rho_ref_cmp_in [kg/m3],mode,hp_is_on,converged,Q_iu_HX_available [W],Q_iu_ref_required [W],iu_hx_capacity_margin [W],iu_hx_min_flow_margin [W],iu_hx_max_flow_margin [W],converged_rps,capacity_clamped,iu_fan_flow_min_limit,iu_fan_flow_max_limit,err_Q_evap [W],T_iu_a_in [°C],T_iu_a_mid [°C],T_iu_a_out [°C],T_a_room [°C],T0 [°C],Ts [°C],T_bhe [°C],T_bhe_f [°C],T_bhe_f_in [°C],T_bhe_f_out [°C],dV_iu_a [m3/s],v_iu_a [m/s],dV_bhe_f [m3/s],m_dot_ref [kg/s],cmp_rpm [rpm],cmp_rps [rev/s],n_star [-],pressure_ratio,pr_floor_active,E_iu_fan [W],E_pmp [W],Q_ref_iu [W],Q_ref_ground [W],Q_bhe [W],E_cmp [W],E_cmp_ref [W],E_cmp_loss [W],eta_is [-],eta_v [-],eta_em [-],UA_ground_rated [W/K],UA_iu_rated [W/K],E_tot [W],cop_ref [-],cop_sys [-],ground_flow_control,ground_flow_ratio,ground_flow_ref_ratio,ground_flow [m3/s],ground_flow_at_min,ground_flow_at_max,m_dot_borehole [kg/s],R_b_eff [mK/W],UA_ground [W/K],ground_pressure_drop [Pa],ground_pressure_drop_bhe [Pa],ground_pressure_drop_aux [Pa],ground_pressure_drop_total [Pa],E_cmp_plus_pmp [W],Q_HX_available [W],Q_ref_required [W],hx_capacity_margin [W],hx_capacity_ratio,hx_feasible,approach_solver_success,approach_at_bound,flow_optimizer_success,flow_optimizer_nfev,flow_bound_active,ground_temperature_residual [K],candidate_ground_flow_ratio,failure_reason,Q_ref_tank [W],ground_approach [K],flow_optimizer_method,cooling_load_W,indoor_fan_flow_ratio_to_ref,indoor_fan_flow_L_s,indoor_fan_flow_min_m3_s,indoor_fan_flow_max_m3_s,indoor_fan_reference_power_W
1.0,constant,0.3,1.0,24,24,0.0,933176.1684178826,1440715.7836632726,1440715.7836632726,933176.1684178826,933176.1684178826,1440715.7836632726,1440715.7836632726,10.0,37.14296937571112,16.994167049300188,4.903712659295422,5.0,19.83069306187531,19.83069306187531,428538.4888373428,446925.7333308745,425827.5671838688,226584.038272147,226584.038272147,422814.80246487225,231239.0897853616,1821.3618044484456,1842.339333797808,1772.329243834077,1092.3790693243554,1095.4115290343143,1800.965247799539,1108.344857542968,34.57268748692573,cooling,False,False,3136.066044090933,2400.0,736.0660440909332,736.066044090936,11407.001478556322,True,,True,False,-3.151567398163025e-07,26,15.386177804545524,15.410221761630847,26,26,15,14.999999998720773,17.24861986328824,18.058017732221344,16.439221994355137,0.24,0.3,0.0,0.0,0.0,29.74025344936044,0.4956708908226739,1.543884030071062,False,0.0,0.0,0.0,0.0,0.0,0.0,0.0,0.0,0.6491994616993401,0.9631607173818828,0.8862772617824825,1600,800,0.0,,,constant,,,0.0,False,False,0.0,0.165918484043359,1058.957969137304,0.0,0.0,0.0,0.0,0.0,2618.511583798336,2618.5115834831786,3.151567398163025e-07,1.0000000001203573,False,False,False,False,0,False,1.2792042980436236e-09,1.0,load_hx_capacity_insufficient,0.0,,,,,,,,
1.0,optimal,0.3,,24,24,0.0,933176.1684178826,1517226.104159673,1517226.104159673,933176.1684178826,933176.1684178826,1517226.104159673,1517226.104159673,10.0,40.13313872518626,16.72009625730584,4.90348448299676,5.0,21.72009625730584,21.72009625730584,428538.4888373428,448768.0742903744,426046.4849473746,226119.0216964216,226119.0216964216,422814.80246487225,234355.2160749631,1821.3618044484456,1843.4165276535225,1768.6132293836342,1090.5355787140668,1093.739547703353,1800.965247799539,1118.7054773457526,34.57268748692573,cooling,False,False,3136.066044090933,2400.0000000000005,736.0660440909328,736.0660440909355,11407.001478556322,True,,True,False,6.824911906733178e-07,26,15.386177804545524,15.410221761630847,26,26,15,14.999997057631797,17.954273554076167,19.929582049676583,15.978965058475753,0.24,0.3,0.0,0.0,0.0,29.7377637830179,0.4956293963836317,1.6258731796933854,False,0.0,0.0,0.0,0.0,0.0,0.0,0.0,0.0,0.6616783750621585,0.9610285074357862,0.8917890751191051,1600,800,0.0,,,optimal_power,,,0.0,False,False,0.0,0.2233042563235414,779.3077428170848,0.0,0.0,0.0,0.0,0.0,2639.853437195969,2639.85343787846,-6.824911906733178e-07,0.9999999997414664,False,False,False,False,9,False,2.94236821218874e-06,,load_hx_capacity_insufficient,0.0,,,,,,,,
1.0,constant,0.4,1.0,24,24,24.0,992592.1868179224,1488888.2802268828,1488888.2802268828,992592.1868179224,992592.1868179224,1488888.2802268828,1488888.2802268828,12.02719557159594,37.69920655263269,17.4493822155427,6.928793782946514,7.027195571595939,21.028833527208008,21.028833527208008,429158.39081594936,446556.6170977173,425971.2977869135,227312.68508199276,227312.68508199276,423339.94987625256,233211.79702346367,1817.683176865988,1838.084382966742,1769.9775242893568,1094.737232916705,1097.373955557453,1797.0976097516143,1114.9125852132388,36.81398336696191,cooling,True,True,3199.999999989323,3200.0000000000005,-1.0677467798814178e-08,-366.6682033763759,9274.168514063562,True,,False,False,1.3954831956652924e-08,26,16.700794453610968,16.726580739502104,26,26,15,14.999999998122425,17.95984152961526,19.025245898632875,16.894437160597647,0.2795129800831636,0.3493912251039545,0.0004,0.0158536937328643,2212.9135477523773,36.881892462539625,0.6146982077089937,1.4999999999999991,True,8.87345853790716,92.0,3200.0000000000005,3475.82615096622,-3567.82615096622,309.54098771609284,275.8261509662195,33.71483674987337,0.638666374204536,0.973023230668388,0.8910811876687678,1600,800,410.414446254,10.337887798351929,7.796996497583234,constant,1.0,1.0,0.0004,False,True,0.2,0.165918484043359,1190.5370937920936,138000.0,16973.153103001274,121026.84689699872,138000.0,401.5409877160928,3475.826150952265,3475.82615096622,-1.3954831956652924e-08,0.9999999999959852,True,True,True,False,0,False,1.8775381249724887e-09,,none,,1.0,,,,,,,
1.0,optimal,0.4,,24,24,9.6,1061837.275396204,1592755.913094856,1592755.913094856,1061837.275396204,1061837.275396204,1592755.913094856,1592755.913094856,14.277574823120233,40.0749038114397,18.516290333151066,9.177229002471734,9.277574823120233,23.516290333151066,23.516290333151066,429812.9482707479,447146.1946272899,426214.3524008827,229026.71380375352,229026.71380375352,423884.031363248,237344.96169234772,1813.6235006469249,1833.74231116322,1765.0393274127205,1100.2986038371212,1102.805825421622,1792.8126911511265,1128.575353317976,39.44534235604146,cooling,True,True,3199.999999999415,3200.0000000000005,-5.852598405908792e-10,-702.7319156160006,7794.597578201257,True,,False,False,3.2287061912938946e-11,26,18.06623359318905,18.094160151840796,26,26,15,15.000000000000012,18.8881265596674,21.48783225225378,16.288420867081015,0.3276185006472951,0.4095231258091188,0.0001599999999999,0.0159373475402569,2081.110779883304,34.68517966472173,0.5780863277453622,1.500000000000518,True,11.263879361110376,6.111798148187898,3200.0000000000005,3476.245971185103,-3482.357769333291,310.7959387253499,276.2459711851026,34.54996754024734,0.6394952329027196,0.97072255124663,0.8888339156491388,1600,800,328.1716162346482,10.29614483742607,9.750995642816187,optimal_power,0.3999999999999999,0.3999999999999999,0.0001599999999999,True,False,0.0799999999999999,0.2233042563235414,850.1967286208528,22919.243055704617,3554.9475521848217,19364.2955035198,22919.243055704617,316.90773687353783,3476.24597118507,3476.245971185103,-3.2287061912938946e-11,0.9999999999999908,True,True,True,True,19,True,0.0,,none,,1.0,bounded,,,,,,
1.0,constant,0.5,1.0,24,24,24.0,1025790.5535704796,1538685.830355754,1538685.830355754,1025790.5535704796,1025790.5535704796,1538685.830355754,1538685.830355754,13.12036081346082,38.91454311784071,17.911594221367864,8.020973334153211,8.12036081346082,22.23714779382891,22.23714779382891,429480.8697820573,446920.3815249055,426098.929582924,228053.22537523543,228053.22537523543,423609.4916124912,235213.05005285091,1815.708396241738,1836.2034544199144,1767.588887297813,1097.127215734325,1099.6853660092502,1795.015535919925,1121.5444044023673,38.072885758713646,cooling,True,True,3999.9999999981646,4000.000000000001,-1.8358150555286559e-09,-1329.9176507855625,7755.438318314285,True,,False,False,6.693881005048752e-10,26,17.859700914825794,17.89082168809331,26,26,15,14.999999916768427,18.681995003464664,20.007340840506515,17.356649166422812,0.399132855483549,0.4989160693544363,0.0004,0.0198582474207027,2663.410284856478,44.39017141427463,0.7398361902379106,1.5000000000000338,True,15.292201400404329,92.0,4000.000000000001,4346.318139085733,-4438.318139085733,386.0250438018678,346.318139085732,39.70690471613585,0.636433315294334,0.9791676430206532,0.8971390448529657,1600,800,493.31724520227215,10.36202200925868,8.108372530864804,constant,1.0,1.0,0.0004,False,True,0.2,0.165918484043359,1292.654288347116,138000.0,16973.153103001274,121026.84689699872,138000.0,478.0250438018678,4346.318139085063,4346.318139085733,-6.693881005048752e-10,0.999999999999846,True,True,True,False,0,False,8.323161182488549e-08,,none,,1.0,,,,,,,
1.0,optimal,0.5,,24,24,10.701275906404836,1098665.4893355854,1647998.2340020018,1647998.2340020018,1098665.4893355854,1098665.4893355854,1647998.2340020018,1647998.2340020018,15.429748311396622,41.35812672233561,19.789873538983272,10.32901522463959,10.429748311396622,24.789873538983272,24.789873538983272,430133.84329628566,447508.1266589105,426308.33486299374,231102.27627185176,231102.27627185176,424146.0226016776,239481.73889821128,1811.5523874462724,1831.770451855499,1762.4769006380668,1107.225775084907,1109.8112066839717,1790.619440126612,1135.5877677471622,40.8536779190375,cooling,True,True,4000.0000000069217,4000.000000000001,6.921254680491984e-09,-1674.7934467343523,6237.070861240043,True,,False,False,9.094947017729282e-12,26,19.17087736684812,19.20541584559208,26,26,15,14.999999999999975,19.598496352994943,22.516821424407283,16.680171281582602,0.4757654815847491,0.5947068519809364,0.00017835459844,0.0200973145104612,2516.528618605541,41.94214364342568,0.699035727390428,1.4999999999987472,True,20.23011188954488,8.421903699749025,4000.000000000001,4349.176437132546,-4357.598340832295,389.96968036237513,349.17643713254563,40.7932432298295,0.6370764403395136,0.9774059961028924,0.8953938080726614,1600,800,418.621695951669,10.257207679025312,9.555166487266373,optimal_power,0.4458864961002013,0.4458864961002013,0.00017835459844,False,False,0.0891772992200402,0.2110564578614495,948.5797217847714,28331.998524540715,4270.074109012076,24061.92441552864,28331.998524540715,398.39158406212414,4349.176437132537,4349.176437132546,-9.094947017729282e-12,0.999999999999998,True,True,True,True,15,False,0.0,,none,,1.0,bounded,,,,,,
1.0,constant,0.6,1.0,24,24,24.0,1059591.993529344,1589387.9902944986,1589387.9902944986,1059591.993529344,1059591.993529344,1589387.9902944986,1589387.9902944986,14.206364575524276,40.10569736886214,18.437576516075357,9.106043042370516,9.206364575524276,23.437576516075357,23.437576516075357,429792.7939554482,447252.60744853376,426207.8494348944,228898.81648785493,228898.81648785493,423867.4638094381,237213.3661015553,1813.7516494095355,1834.2766379841876,1765.1968864700602,1099.8706136934177,1102.373066327513,1792.9482321345326,1128.1423597335513,39.35968315050312,cooling,True,True,4800.000000000019,4800.000000000001,1.8189894035458565e-11,-2292.097628021859,6241.416625527244,True,,False,False,1.1690644896589221e-08,26,18.847176478563934,18.8847908381006,26,26,15,15.000000000000014,19.40444786765181,20.989842879978653,17.81905285532497,0.5450816688464692,0.6813520860580865,0.0004,0.0238932000874655,3086.764610417945,51.44607684029908,0.8574346140049847,1.5000000000004554,True,25.241630138765828,92.0,4800.000000000001,5217.1708172801245,-5309.1708172801245,462.87154175431215,417.170817280124,45.70072447418818,0.6349129393377378,0.9833071978605936,0.9012669383367584,1600,800,580.113171893078,10.370047771370215,8.274247565067702,constant,1.0,1.0,0.0004,False,True,0.2,0.165918484043359,1374.8146531666914,138000.0,16973.153103001274,121026.84689699872,138000.0,554.8715417543121,5217.170817268434,5217.1708172801245,-1.1690644896589221e-08,0.9999999999977592,True,True,True,False,0,False,0.0,,none,,1.0,,,,,,,
1.0,optimal,0.6,,24,24,12.334665037436674,1126361.9300085877,1689542.8950128818,1689542.8950128818,1126361.9300085877,1126361.9300085877,1689542.8950128818,1689542.8950128818,16.27724206844283,42.300597343621575,20.7266663603765,11.176231277250736,11.277242068442831,25.7266663603765,25.7266663603765,430363.53270385024,447765.1036213223,426363.6140624466,232636.5524237374,232636.5524237374,424331.3033178573,241062.76666786036,1810.031348128101,1830.3152938692724,1760.5752344668426,1112.324286885591,1114.9685282579685,1789.0054164358996,1140.7543295804037,41.91698731297065,cooling,True,True,4800.000000002043,4799.999999999999,2.0436345948837693e-09,-2601.3551797844307,4879.86383473508,True,,False,False,4.8203219193965197e-11,26,19.95578007724123,19.997794353573784,26,26,15,14.999999999999943,20.184356246397183,23.226168044721533,17.14254444807284,0.6450580938244094,0.8063226172805117,0.0002055777506239,0.024275897974065,2948.530446005316,49.1421741000886,0.8190362350014767,1.5000000000000002,True,33.36551763065301,12.81418214955551,4799.999999999999,5222.438760181008,-5235.252942330563,469.35267985418096,422.4387601810087,46.913919673172245,0.6353627038721569,0.982086248964663,0.9000454845858182,1600,800,515.5323796343895,10.2268511633752,9.31076337708237,optimal_power,0.5139443765598614,0.5139443765598614,0.0002055777506239,False,False,0.1027888753119722,0.1980556165482746,1059.927200901639,37399.52045587656,5431.631662225608,31967.888793650956,37399.52045587656,482.16686200373647,5222.438760180959,5222.438760181008,-4.8203219193965197e-11,0.9999999999999908,True,True,True,True,15,False,0.0,,none,,1.0,bounded,,,,,,
1.0,constant,0.7,1.0,24,24,24.0,1094005.853740944,1641008.780609558,1641008.780609558,1094005.853740944,1094005.853740944,1641008.780609558,1641008.780609558,15.285591801976976,41.281138296466,19.63052669626194,10.18490656792568,10.285591801976976,24.63052669626194,24.63052669626194,430094.2341903579,447562.40677257575,426297.74937802,230841.94369847747,230841.94369847747,424113.8746282608,239213.6023474101,1811.8112976005573,1832.3317386277413,1762.798904671629,1106.358811637218,1108.9343487924918,1790.893897272818,1134.7096884358314,40.67514251611897,cooling,True,True,5599.99999999453,5600.000000000001,-5.470610631164163e-09,-3253.2656212950374,4731.850344035306,True,,False,False,1.3041244528722018e-08,26,19.70957472640407,19.754989372572997,26,26,15,14.99999999999998,20.129323685022968,21.975640052295773,18.28300731775016,0.7231125000067551,0.903890625008444,0.0004,0.0281050721483585,3502.4615791707374,58.37435965284563,0.9729059942140936,1.4999999999983016,True,40.43001982922103,92.0,5600.000000000001,6090.9442507232125,-6182.9442507232125,542.8553157308853,490.9442507232115,51.91106500767381,0.6337693284386121,0.986398142232904,0.9043740320792802,1600,800,675.2853355601063,10.31582419426126,8.292790773185022,constant,1.0,1.0,0.0004,False,True,0.2,0.165918484043359,1444.95412307663,138000.0,16973.153103001274,121026.84689699872,138000.0,634.8553157308853,6090.944250710171,6090.9442507232125,-1.3041244528722018e-08,0.9999999999978588,True,True,True,False,0,False,0.0,,none,,1.0,,,,,,,
1.0,optimal,0.7,,24,24,14.083190763303213,1152257.267709931,1728385.9015648975,1728385.9015648975,1152257.267709931,1152257.267709931,1728385.9015648975,1728385.9015648975,17.055564664604788,43.15893501234092,21.58698691902589,11.954304493295808,12.055564664604788,26.58698691902589,26.58698691902589,430569.6354164696,447986.68104733934,426403.68162413663,234051.3824839056,234051.3824839056,424495.7779912444,242521.8935220304,1808.6358369015627,1828.951572871213,1758.8151159227264,1117.0093712247528,1119.7086003108325,1787.5220578795938,1145.5061096084803,42.91446377313219,cooling,True,True,5600.000000006333,5599.999999999999,6.333721103146672e-09,-3517.587135268822,3568.1352044492733,True,,False,False,0.0037841535258849,26,20.606823103070724,20.65741329486172,26,26,15,14.99999999999999,20.761068110620528,23.873052997296497,17.649083223944558,0.8434147873575422,1.0542684841969276,0.000234719846055,0.0284960807275325,3368.9900972139512,56.14983495356585,0.9358305825594307,1.500000000000001,True,52.530276578023454,18.964766109287503,5599.999999999999,6096.317538332382,-6115.28230444167,549.3533400021737,496.31753833238366,53.03580166979003,0.6341065004694739,0.9854888434871096,0.9034577605925176,1600,800,620.8483826894847,10.19380349990744,9.019915580259829,optimal_power,0.5867996151376339,0.5867996151376339,0.000234719846055,False,False,0.1173599230275267,0.1884154426177886,1168.962483233086,48478.47277005964,6804.840088904575,41673.63268115507,48478.47277005964,568.3181061114612,6096.3137541788565,6096.317538332382,-0.0037841535258849,0.9999993792722408,True,True,True,True,15,False,0.0,,none,,1.0,bounded,,,,,,
1.0,constant,0.8,1.0,24,24,24.0,1129185.0051771856,1693777.507765778,1693777.507765778,1129185.0051771856,1129185.0051771856,1693777.507765778,1693777.507765778,16.362743125888073,42.462083403549286,20.82117587065005,11.261704669434891,11.362743125888072,25.82117587065005,25.82117587065005,430386.4018550494,447869.9934209868,426368.5222837608,232791.70319411223,232791.70319411223,424349.63960255845,241222.71865552512,1809.8779886735656,1830.419863025764,1760.3825373182049,1112.838825144909,1115.4890609664576,1788.8425231741876,1141.2759945591993,42.02557423305486,cooling,True,True,6400.000000002904,6399.999999999998,2.9058355721645053e-09,-4214.123606593377,3223.648919184385,True,,False,False,4.747562343254684e-10,26,20.47754340247405,20.532284979930644,26,26,15,15.000000000000014,20.85550003839984,22.96320589268845,18.74779418411123,0.9413378299256876,1.1766722874071094,0.0004,0.0323895329346972,3904.227180221493,65.07045300369155,1.084507550061526,1.4999999999999996,True,63.4402624149721,92.0,6399.999999999998,6966.28536484172,-7058.28536484172,624.5132868050654,566.2853648417216,58.22792196334376,0.6323080145303082,0.98702,0.9067627171533358,1600,800,779.9535492200375,10.247980523747742,8.205616868337955,constant,1.0,1.0,0.0004,False,True,0.2,0.165918484043359,1504.3293774413978,138000.0,16973.153103001274,121026.84689699872,138000.0,716.5132868050654,6966.285364841245,6966.28536484172,-4.747562343254684e-10,0.9999999999999318,True,True,True,False,0,False,0.0,,none,,1.0,,,,,,,
1.0,optimal,0.8,,24,24,15.934305484891825,1177273.1183407388,1765909.6775111086,1765909.6775111086,1177273.1183407388,1177273.1183407388,1765909.6775111086,1765909.6775111086,17.795063116634196,43.977587826828994,22.404375104131987,12.69357128308684,12.795063116634196,27.404375104131987,27.404375104131987,430761.0870979776,448195.70082134486,426431.97546127264,235400.86137997717,235400.86137997717,424646.90048999846,243914.72670452893,1807.3108559424536,1827.6673980279904,1757.1298198850038,1121.46342565431,1124.2157833957085,1786.1113534568196,1150.0274268762105,43.88115840827524,cooling,True,True,6400.000000001401,6400.000000000001,1.3997123460285366e-09,-4428.021229795835,2281.9325272797405,True,,False,False,2.7284841053187847e-11,26,21.167037823942053,21.227380210069963,26,26,15,15.00000000000002,21.3407923646769,24.488491403594708,18.193093325759094,1.0756337666215408,1.3445422082769258,0.0002655717580815,0.0327599949092928,3781.8978404839054,63.03163067473177,1.0505271779121963,1.5000000000000002,True,79.90777853215279,27.331552568360618,6400.000000000001,6971.157856823,-6998.48940939136,630.3559212857814,571.1578568229996,59.19806446278176,0.6327789495288502,0.98702,0.9060878743836794,1600,800,737.5952523862948,10.152994179773025,8.676845436971686,optimal_power,0.663929395203826,0.663929395203826,0.0002655717580815,False,False,0.1327858790407652,0.1812045998431631,1275.7494201137315,61749.53112289111,8400.625690806382,53348.90543208473,61749.53112289111,657.687473854142,6971.1578568229725,6971.157856823,-2.7284841053187847e-11,0.999999999999996,True,True,True,True,15,False,0.0,,none,,1.0,bounded,,,,,,
1.0,constant,0.9,1.0,24,24,24.0,1165150.1873947792,1747725.281092168,1747725.281092168,1165150.1873947792,1165150.1873947792,1747725.281092168,1747725.281092168,17.438185560211593,43.63782971067718,22.00991103037802,12.33680486715832,12.438185560211592,27.00991103037802,27.00991103037802,430669.2300111703,448162.1735631118,426419.5276896887,234748.9695674,234748.9695674,424574.6024187902,243241.7544804043,1807.9501904775716,1828.4977655639425,1757.944764656977,1119.3135841402009,1122.0401937857146,1786.7923374470647,1147.8446404266856,43.41230538545396,cooling,True,True,7200.0000000043065,7200.000000000001,4.305547918193042e-09,-5174.726392338926,1716.5710486697617,True,,False,False,-1.546140993013978e-11,26,21.169600274221462,21.235466614286484,26,26,15,14.99999999999998,21.582699266643544,23.952162795008174,19.21323573827891,1.2107299198937107,1.5134123998671385,0.0004,0.0367496448998771,4288.291992183372,71.4715332030562,1.1911922200509366,1.4999999999999991,True,98.17772345786288,92.0,7200.000000000001,7842.859463787446,-7934.859463787446,707.4990450459562,642.8594637874447,64.6395812585115,0.6310040664523409,0.98702,0.9086365109449543,1600,800,897.6767685038191,10.176692181305093,8.020704392295265,constant,1.0,1.0,0.0004,False,True,0.2,0.165918484043359,1555.427907728045,138000.0,16973.153103001274,121026.84689699872,138000.0,799.4990450459562,7842.859463787461,7842.859463787446,1.546140993013978e-11,1.000000000000002,True,True,True,False,0,False,0.0,,none,,1.0,,,,,,,
1.0,optimal,0.9,,24,24,17.951510557682084,1201336.8313685884,1802005.2470528807,1802005.2470528807,1201336.8313685884,1201336.8313685884,1802005.2470528807,1802005.2470528807,18.49535121485297,44.75755363545869,23.17840094433018,13.39364497789154,13.495351214852974,28.17840094433018,28.17840094433018,430938.3949079702,448394.6078139575,426449.73768466886,236683.56299388252,236683.56299388252,424785.29328302096,245239.67616157405,1806.0566936651792,1826.468854534971,1755.5214779744044,1125.6839460381211,1128.4874236041874,1784.7739112913414,1154.315294395726,44.81397715730338,cooling,True,True,7200.000000002815,7200.0,2.814886101987213e-09,-5332.599788172259,1021.5097269215476,True,,False,False,0.0163855946002513,26,21.65379403004624,21.725063793868035,26,26,15,15.000000000000009,21.922634446291227,25.070911142146656,18.7743577504358,1.3456125902628262,1.6820157378285328,0.000299191842628,0.0370647150912792,4189.78009486167,69.8296682476945,1.1638278041282415,1.499999999999999,True,118.0667237274458,38.90128648774298,7200.0,7847.00955793313,-7885.910844420873,712.4181350423435,647.0095579331305,65.40857710921296,0.6313157316539365,0.98702,0.9081879392285188,1600,800,869.3861452575322,10.1064243677234,8.281705476071503,optimal_power,0.7479796065700869,0.7479796065700869,0.000299191842628,False,False,0.1495959213140174,0.1755696858071594,1382.6832635309925,78012.72818010554,10301.415539682675,67711.31264042285,78012.72818010554,751.3194215300864,7846.99317233853,7847.00955793313,-0.0163855946002513,0.9999979118676384,True,True,True,True,19,False,0.0,,none,,1.0,bounded,,,,,,
1.0,constant,1.0,1.0,24,24,24.0,1201924.3413805957,1802886.5120708945,1802886.5120708945,1201924.3413805957,1201924.3413805957,1802886.5120708945,1802886.5120708945,18.512316215262278,44.80642550573543,23.19715198305636,13.410604846213232,13.512316215262274,28.19715198305636,28.19715198305636,430942.6415986098,448435.8567452576,426450.0569397941,236714.6957157164,236714.6957157164,424788.58827773336,245271.84720981543,1806.0263153688895,1826.55457411551,1755.48235886854,1125.7862249480038,1128.5909507993838,1784.7414895118975,1154.419250175736,44.83678787279596,cooling,True,True,7999.999999996941,8000.0,-3.0586306820623573e-09,-6135.133281587573,210.3556418865519,True,,False,False,-9.640643838793039e-11,26,21.79854914851541,21.8776627106058,26,26,15,14.99999999999995,22.310802364605507,24.942348917824745,19.67925581138627,1.5466375465074818,1.933296933134352,0.0004,0.0411887175330756,4653.586911243082,77.55978185405137,1.292663030900856,1.500000000000001,True,150.64046185361502,92.0,8000.0,8720.523097420595,-8812.523097420595,791.6641726328211,720.5230974205953,71.14107521222581,0.6299635554842511,0.98702,0.9101373061059044,1600,800,1034.304634486436,10.105294993197136,7.734665139513994,constant,1.0,1.0,0.0004,False,True,0.2,0.165918484043359,1600.0000000000005,138000.0,16973.153103001274,121026.84689699872,138000.0,883.6641726328211,8720.523097420692,8720.523097420595,9.640643838793039e-11,1.000000000000011,True,True,True,False,0,False,0.0,,none,,1.0,,,,,,,
1.0,optimal,1.0,,24,24,21.81070849513932,1213046.3271161965,1820642.0929061729,1820642.0929061729,1213046.3271161965,1213046.3271161965,1820642.0929061729,1820642.0929061729,18.832306164058025,45.18116670361394,23.573481855327657,13.730519012382786,13.832306164058023,28.573481855327657,28.573481855327657,431022.3065179696,448525.4734659576,426455.3383500097,237340.11782463183,237340.11782463183,424850.2218483451,245918.2603902471,1805.4533554231848,1825.9546176580177,1754.695634324734,1127.8393133214229,1130.675376088324,1784.1297518723927,1156.5064564646705,45.26893867562769,cooling,True,True,7999.969846832021,7999.999999999999,-0.0301531679779145,-6182.9194536289415,-0.0301531680233893,True,,False,True,-7.867129170335831e-09,26,21.938689284784232,22.01984270137475,26,26,15,15.000000000000052,22.410405381656147,25.299434298569224,19.52137646474307,1.6,2.0,0.0003635118082523,0.0413047789988919,4622.257564102635,77.03762606837725,1.2839604344729545,1.50088422198551,False,159.856,69.27752162825523,7999.999999999999,8722.964442567352,-8792.241964195608,794.3792330099277,722.9644425673529,71.41479044257483,0.6302114862432459,0.9869970455972562,0.9100998773948534,1600,800,1023.512754638183,10.070756721179317,7.816219156768633,optimal_power,0.9087795206308048,0.9087795206308048,0.0003635118082523,False,False,0.1817559041261609,0.1685669118714719,1539.8110588888635,114347.077683102,14393.399090707137,99953.67859239483,114347.077683102,863.656754638183,8722.96444257522,8722.964442567352,7.867129170335831e-09,1.000000000000902,True,True,False,True,16,False,0.0,,none,,9.006577807496836,bounded,,,,,,
1.2,constant,0.3,1.0,24,24,0.0,933176.1684178826,1440715.7836632726,1440715.7836632726,933176.1684178826,933176.1684178826,1440715.7836632726,1440715.7836632726,10.0,37.14296937571112,16.994167049300188,4.903712659295422,5.0,19.83069306187531,19.83069306187531,428538.4888373428,446925.7333308745,425827.5671838688,226584.038272147,226584.038272147,422814.80246487225,231239.0897853616,1821.3618044484456,1842.339333797808,1772.329243834077,1092.3790693243554,1095.4115290343143,1800.965247799539,1108.344857542968,34.57268748692573,cooling,False,False,3136.066044090933,2400.0,736.0660440909332,736.066044090936,11407.001478556322,True,,True,False,-3.151567398163025e-07,26,15.386177804545524,15.410221761630847,26,26,15,14.999999998720773,17.24861986328824,18.058017732221344,16.439221994355137,0.24,0.3,0.0,0.0,0.0,29.74025344936044,0.4956708908226739,1.543884030071062,False,0.0,0.0,0.0,0.0,0.0,0.0,0.0,0.0,0.6491994616993401,0.9631607173818828,0.8862772617824825,1600,800,0.0,,,constant,,,0.0,False,False,0.0,0.165918484043359,1058.957969137304,0.0,0.0,0.0,0.0,0.0,2618.511583798336,2618.5115834831786,3.151567398163025e-07,1.0000000001203573,False,False,False,False,0,False,1.2792042980436236e-09,1.0,load_hx_capacity_insufficient,0.0,,,,,,,,
1.2,optimal,0.3,,24,24,0.0,933176.1684178826,1517226.104159673,1517226.104159673,933176.1684178826,933176.1684178826,1517226.104159673,1517226.104159673,10.0,40.13313872518626,16.72009625730584,4.90348448299676,5.0,21.72009625730584,21.72009625730584,428538.4888373428,448768.0742903744,426046.4849473746,226119.0216964216,226119.0216964216,422814.80246487225,234355.2160749631,1821.3618044484456,1843.4165276535225,1768.6132293836342,1090.5355787140668,1093.739547703353,1800.965247799539,1118.7054773457526,34.57268748692573,cooling,False,False,3136.066044090933,2400.0000000000005,736.0660440909328,736.0660440909355,11407.001478556322,True,,True,False,6.824911906733178e-07,26,15.386177804545524,15.410221761630847,26,26,15,14.999997057631797,17.954273554076167,19.929582049676583,15.978965058475753,0.24,0.3,0.0,0.0,0.0,29.7377637830179,0.4956293963836317,1.6258731796933854,False,0.0,0.0,0.0,0.0,0.0,0.0,0.0,0.0,0.6616783750621585,0.9610285074357862,0.8917890751191051,1600,800,0.0,,,optimal_power,,,0.0,False,False,0.0,0.2233042563235414,779.3077428170848,0.0,0.0,0.0,0.0,0.0,2639.853437195969,2639.85343787846,-6.824911906733178e-07,0.9999999997414664,False,False,False,False,10,False,2.94236821218874e-06,,load_hx_capacity_insufficient,0.0,,,,,,,,
1.2,constant,0.4,1.0,24,24,24.0,992592.1868179224,1488888.2802268828,1488888.2802268828,992592.1868179224,992592.1868179224,1488888.2802268828,1488888.2802268828,12.02719557159594,37.69920655263269,17.4493822155427,6.928793782946514,7.027195571595939,21.028833527208008,21.028833527208008,429158.39081594936,446556.6170977173,425971.2977869135,227312.68508199276,227312.68508199276,423339.94987625256,233211.79702346367,1817.683176865988,1838.084382966742,1769.9775242893568,1094.737232916705,1097.373955557453,1797.0976097516143,1114.9125852132388,36.81398336696191,cooling,True,True,3199.999999989323,3200.0000000000005,-1.0677467798814178e-08,-366.6682033763759,9274.168514063562,True,,False,False,1.3954831956652924e-08,26,16.700794453610968,16.726580739502104,26,26,15,14.999999998122425,17.95984152961526,19.025245898632875,16.894437160597647,0.2795129800831636,0.3493912251039545,0.0004,0.0158536937328643,2212.9135477523773,36.881892462539625,0.6146982077089937,1.4999999999999991,True,8.87345853790716,92.0,3200.0000000000005,3475.82615096622,-3567.82615096622,309.54098771609284,275.8261509662195,33.71483674987337,0.638666374204536,0.973023230668388,0.8910811876687678,1600,800,410.414446254,10.337887798351929,7.796996497583234,constant,1.0,1.0,0.0004,False,False,0.2,0.165918484043359,1190.5370937920936,138000.0,16973.153103001274,121026.84689699872,138000.0,401.5409877160928,3475.826150952265,3475.82615096622,-1.3954831956652924e-08,0.9999999999959852,True,True,True,False,0,False,1.8775381249724887e-09,,none,,1.0,,,,,,,
1.2,optimal,0.4,,24,24,9.6,1061837.275396204,1592755.913094856,1592755.913094856,1061837.275396204,1061837.275396204,1592755.913094856,1592755.913094856,14.277574823120233,40.0749038114397,18.516290333151066,9.177229002471734,9.277574823120233,23.516290333151066,23.516290333151066,429812.9482707479,447146.1946272899,426214.3524008827,229026.71380375352,229026.71380375352,423884.031363248,237344.96169234772,1813.6235006469249,1833.74231116322,1765.0393274127205,1100.2986038371212,1102.805825421622,1792.8126911511265,1128.575353317976,39.44534235604146,cooling,True,True,3199.999999999415,3200.0000000000005,-5.852598405908792e-10,-702.7319156160006,7794.597578201257,True,,False,False,3.2287061912938946e-11,26,18.06623359318905,18.094160151840796,26,26,15,15.000000000000012,18.8881265596674,21.48783225225378,16.288420867081015,0.3276185006472951,0.4095231258091188,0.0001599999999999,0.0159373475402569,2081.110779883304,34.68517966472173,0.5780863277453622,1.500000000000518,True,11.263879361110376,6.111798148187898,3200.0000000000005,3476.245971185103,-3482.357769333291,310.7959387253499,276.2459711851026,34.54996754024734,0.6394952329027196,0.97072255124663,0.8888339156491388,1600,800,328.1716162346482,10.29614483742607,9.750995642816187,optimal_power,0.3999999999999999,0.3999999999999999,0.0001599999999999,True,False,0.0799999999999999,0.2233042563235414,850.1967286208528,22919.243055704617,3554.9475521848217,19364.2955035198,22919.243055704617,316.90773687353783,3476.24597118507,3476.245971185103,-3.2287061912938946e-11,0.9999999999999908,True,True,True,True,21,True,0.0,,none,,1.0,bounded,,,,,,
1.2,constant,0.5,1.0,24,24,24.0,1025790.5535704796,1538685.830355754,1538685.830355754,1025790.5535704796,1025790.5535704796,1538685.830355754,1538685.830355754,13.12036081346082,38.91454311784071,17.911594221367864,8.020973334153211,8.12036081346082,22.23714779382891,22.23714779382891,429480.8697820573,446920.3815249055,426098.929582924,228053.22537523543,228053.22537523543,423609.4916124912,235213.05005285091,1815.708396241738,1836.2034544199144,1767.588887297813,1097.127215734325,1099.6853660092502,1795.015535919925,1121.5444044023673,38.072885758713646,cooling,True,True,3999.9999999981646,4000.000000000001,-1.8358150555286559e-09,-1329.9176507855625,7755.438318314285,True,,False,False,6.693881005048752e-10,26,17.859700914825794,17.89082168809331,26,26,15,14.999999916768427,18.681995003464664,20.007340840506515,17.356649166422812,0.399132855483549,0.4989160693544363,0.0004,0.0198582474207027,2663.410284856478,44.39017141427463,0.7398361902379106,1.5000000000000338,True,15.292201400404329,92.0,4000.000000000001,4346.318139085733,-4438.318139085733,386.0250438018678,346.318139085732,39.70690471613585,0.636433315294334,0.9791676430206532,0.8971390448529657,1600,800,493.31724520227215,10.36202200925868,8.108372530864804,constant,1.0,1.0,0.0004,False,False,0.2,0.165918484043359,1292.654288347116,138000.0,16973.153103001274,121026.84689699872,138000.0,478.0250438018678,4346.318139085063,4346.318139085733,-6.693881005048752e-10,0.999999999999846,True,True,True,False,0,False,8.323161182488549e-08,,none,,1.0,,,,,,,
1.2,optimal,0.5,,24,24,10.697389791123058,1098720.5131087147,1648080.7696617015,1648080.7696617015,1098720.5131087147,1098720.5131087147,1648080.7696617015,1648080.7696617015,15.431447848773985,41.35992760411284,19.79175216238673,10.330714198905412,10.431447848773985,24.79175216238673,24.79175216238673,430134.30933933216,447508.5428137376,426308.45763126976,231105.34657944812,231105.34657944812,424146.40052294143,239484.9014639662,1811.54933536264,1831.7671974719376,1762.4731018868351,1107.2359966411254,1109.8215450787004,1790.616204290249,1135.5981211384674,40.85578677950609,cooling,True,True,3999.9999999944575,4000.0,-5.541551217902452e-09,-1675.0472496610096,6235.953455759944,True,,False,False,1.4551915228366852e-11,26,19.17182608400543,19.206367504300665,26,26,15,14.999999999999991,19.59930265803007,22.518684229816472,16.679921086243667,0.4758315851829683,0.5947894814787105,0.000178289829852,0.0200975774808501,2516.4347180988443,41.94057863498074,0.6990096439163457,1.4999999999987526,True,20.234645877588186,8.412874492845344,4000.0,4349.180003422243,-4357.592877915089,389.9741766045064,349.1800034222438,40.79417318226257,0.6370768747118875,0.9774048041156216,0.8953926294877875,1600,800,418.6216969749399,10.257089417632423,9.555166463909904,optimal_power,0.4457245746301274,0.4457245746301274,0.000178289829852,False,False,0.0891449149260254,0.2110937293541124,948.4269517240745,28311.904834369547,4267.453182765748,24044.4516516038,28311.904834369547,398.3870510973517,4349.180003422229,4349.180003422243,-1.4551915228366852e-11,0.9999999999999968,True,True,True,True,16,False,0.0,,none,,1.0,bounded,,,,,,
1.2,constant,0.6,1.0,24,24,24.0,1059591.993529344,1589387.9902944986,1589387.9902944986,1059591.993529344,1059591.993529344,1589387.9902944986,1589387.9902944986,14.206364575524276,40.10569736886214,18.437576516075357,9.106043042370516,9.206364575524276,23.437576516075357,23.437576516075357,429792.7939554482,447252.60744853376,426207.8494348944,228898.81648785493,228898.81648785493,423867.4638094381,237213.3661015553,1813.7516494095355,1834.2766379841876,1765.1968864700602,1099.8706136934177,1102.373066327513,1792.9482321345326,1128.1423597335513,39.35968315050312,cooling,True,True,4800.000000000019,4800.000000000001,1.8189894035458565e-11,-2292.097628021859,6241.416625527244,True,,False,False,1.1690644896589221e-08,26,18.847176478563934,18.8847908381006,26,26,15,15.000000000000014,19.40444786765181,20.989842879978653,17.81905285532497,0.5450816688464692,0.6813520860580865,0.0004,0.0238932000874655,3086.764610417945,51.44607684029908,0.8574346140049847,1.5000000000004554,True,25.241630138765828,92.0,4800.000000000001,5217.1708172801245,-5309.1708172801245,462.87154175431215,417.170817280124,45.70072447418818,0.6349129393377378,0.9833071978605936,0.9012669383367584,1600,800,580.113171893078,10.370047771370215,8.274247565067702,constant,1.0,1.0,0.0004,False,False,0.2,0.165918484043359,1374.8146531666914,138000.0,16973.153103001274,121026.84689699872,138000.0,554.8715417543121,5217.170817268434,5217.1708172801245,-1.1690644896589221e-08,0.9999999999977592,True,True,True,False,0,False,0.0,,none,,1.0,,,,,,,
1.2,optimal,0.6,,24,24,12.3346072739036,1126362.6625826692,1689543.9938740048,1689543.9938740048,1126362.6625826692,1126362.6625826692,1689543.9938740048,1689543.9938740048,16.277264276435403,42.3006208996128,20.726690908238822,11.176253478049034,11.277264276435403,25.726690908238822,25.726690908238822,430363.5386511383,447765.10890782863,426363.6153533853,232636.5927138242,232636.5927138242,424331.3080890504,241062.80820296504,1810.031308292567,1830.3152514222688,1760.575184436388,1112.3244205273584,1114.968663455261,1789.0053741277472,1140.7544650669463,41.91701548579782,cooling,True,True,4799.99999999658,4800.0,-3.41970007866621e-09,-2601.358496247832,4879.8492335071605,True,,False,False,5.729816621169448e-11,26,19.95579176714529,19.997806098081423,26,26,15,15.000000000000002,20.184366239271725,23.22619221278489,17.142540265758555,0.6450593414092873,0.8063241767616092,0.0002055767878983,0.0242759021904973,2948.529016089783,49.14215026816305,0.8190358378027175,1.5000000000000009,True,33.36562552512908,12.81400476224448,4800.0,5222.438817512482,-5235.252822274727,469.35275044096267,422.43881751248256,46.91393292848011,0.6353627087366657,0.982086235742863,0.9000454713764777,1600,800,515.5323807283362,10.226849625341156,9.310763357325168,optimal_power,0.5139419697459833,0.5139419697459833,0.0002055767878983,False,False,0.1027883939491966,0.1980560028433968,1059.925005381193,37399.17787384972,5431.588492282074,31967.58938156765,37399.17787384972,482.1667552032072,5222.438817512425,5222.438817512482,-5.729816621169448e-11,0.999999999999989,True,True,True,True,17,False,0.0,,none,,1.0,bounded,,,,,,
1.2,constant,0.7,1.0,24,24,24.0,1094005.853740944,1641008.780609558,1641008.780609558,1094005.853740944,1094005.853740944,1641008.780609558,1641008.780609558,15.285591801976976,41.281138296466,19.63052669626194,10.18490656792568,10.285591801976976,24.63052669626194,24.63052669626194,430094.2341903579,447562.40677257575,426297.74937802,230841.94369847747,230841.94369847747,424113.8746282608,239213.6023474101,1811.8112976005573,1832.3317386277413,1762.798904671629,1106.358811637218,1108.9343487924918,1790.893897272818,1134.7096884358314,40.67514251611897,cooling,True,True,5599.99999999453,5600.000000000001,-5.470610631164163e-09,-3253.2656212950374,4731.850344035306,True,,False,False,1.3041244528722018e-08,26,19.70957472640407,19.754989372572997,26,26,15,14.99999999999998,20.129323685022968,21.975640052295773,18.28300731775016,0.7231125000067551,0.903890625008444,0.0004,0.0281050721483585,3502.4615791707374,58.37435965284563,0.9729059942140936,1.4999999999983016,True,40.43001982922103,92.0,5600.000000000001,6090.9442507232125,-6182.9442507232125,542.8553157308853,490.9442507232115,51.91106500767381,0.6337693284386121,0.986398142232904,0.9043740320792802,1600,800,675.2853355601063,10.31582419426126,8.292790773185022,constant,1.0,1.0,0.0004,False,False,0.2,0.165918484043359,1444.95412307663,138000.0,16973.153103001274,121026.84689699872,138000.0,634.8553157308853,6090.944250710171,6090.9442507232125,-1.3041244528722018e-08,0.9999999999978588,True,True,True,False,0,False,0.0,,none,,1.0,,,,,,,
1.2,optimal,0.7,,24,24,14.07221197151368,1152378.905632079,1728568.358448119,1728568.358448119,1152378.905632079,1152378.905632079,1728568.358448119,1728568.358448119,17.059189495435078,43.162783127588455,21.590993593492897,11.95792817582253,12.059189495435078,26.590993593492897,26.590993593492897,430570.5843106256,447987.5201350924,426403.8437721445,234057.98479169025,234057.98479169025,424496.5310735575,242528.70528132105,1808.6293402436893,1828.944653235162,1758.8068865577218,1117.031197289479,1119.7306846850247,1787.5151464605915,1145.5282559865004,42.91915685959831,cooling,True,True,5599.999999999762,5599.999999999999,-2.3737811716273427e-10,-3518.1284547394143,3565.751964228638,True,,False,False,0.0117681426991111,26,20.60863165635033,20.65923392313736,26,26,15,15.0,20.762584301517307,23.87698050248588,17.648188100548737,0.8436977137831128,1.0546221422288908,0.0002345368661918,0.0284969005229631,3368.7250365076093,56.145417275126825,0.935756954585447,1.5,True,52.56044030847255,18.921062556763,5599.999999999999,6096.328687604663,-6115.249750161426,549.3668298878567,496.3286876046642,53.03814228319254,0.6341071960003751,0.9854869660245886,0.9034558706538228,1600,800,620.8483327530923,10.193553187663582,9.019916305754316,optimal_power,0.5863421654797366,0.5863421654797366,0.0002345368661918,False,False,0.1172684330959473,0.188466032850586,1168.562305392887,48404.49059624271,6795.807372614896,41608.68322362781,48404.49059624271,568.2878924446197,6096.316919461964,6096.328687604663,-0.0117681426991111,0.9999980696344796,True,True,True,True,20,False,0.0,,none,,1.0,bounded,,,,,,
1.2,constant,0.8,1.0,24,24,24.0,1129185.0051771856,1693777.507765778,1693777.507765778,1129185.0051771856,1129185.0051771856,1693777.507765778,1693777.507765778,16.362743125888073,42.462083403549286,20.82117587065005,11.261704669434891,11.362743125888072,25.82117587065005,25.82117587065005,430386.4018550494,447869.9934209868,426368.5222837608,232791.70319411223,232791.70319411223,424349.63960255845,241222.71865552512,1809.8779886735656,1830.419863025764,1760.3825373182049,1112.838825144909,1115.4890609664576,1788.8425231741876,1141.2759945591993,42.02557423305486,cooling,True,True,6400.000000002904,6399.999999999998,2.9058355721645053e-09,-4214.123606593377,3223.648919184385,True,,False,False,4.747562343254684e-10,26,20.47754340247405,20.532284979930644,26,26,15,15.000000000000014,20.85550003839984,22.96320589268845,18.74779418411123,0.9413378299256876,1.1766722874071094,0.0004,0.0323895329346972,3904.227180221493,65.07045300369155,1.084507550061526,1.4999999999999996,True,63.4402624149721,92.0,6399.999999999998,6966.28536484172,-7058.28536484172,624.5132868050654,566.2853648417216,58.22792196334376,0.6323080145303082,0.98702,0.9067627171533358,1600,800,779.9535492200375,10.247980523747742,8.205616868337955,constant,1.0,1.0,0.0004,False,False,0.2,0.165918484043359,1504.3293774413978,138000.0,16973.153103001274,121026.84689699872,138000.0,716.5132868050654,6966.285364841245,6966.28536484172,-4.747562343254684e-10,0.9999999999999318,True,True,True,False,0,False,0.0,,none,,1.0,,,,,,,
1.2,optimal,0.8,,24,24,15.942628682981416,1177189.5596765976,1765784.339514896,1765784.339514896,1177189.5596765976,1177189.5596765976,1765784.339514896,1765784.339514896,17.792612773640087,43.97499379039954,22.401666708075425,12.691121698935376,12.792612773640087,27.401666708075425,27.401666708075425,430760.4598321196,448195.1602044157,426431.8977408434,235396.38134810727,235396.38134810727,424646.40813799214,243910.10091342745,1807.3152451332496,1827.6721063564653,1757.1354259339528,1121.4486624737424,1124.200842732828,1786.116030416123,1150.0124343693938,43.8779243066967,cooling,True,True,6399.999999995476,6399.999999999999,-4.522917151916772e-09,-4427.65530420249,2283.5435696293907,True,,False,False,0.0587802444297267,26,21.1658747215148,21.22620641885176,26,26,15,14.999999999999975,21.33986656440476,24.485937499420857,18.19379562938866,1.075374966491727,1.3442187081146586,0.0002657104780496,0.032759348850939,3782.102003957069,63.035033399284494,1.0505838899880748,1.4999999999999998,True,79.87440140923849,27.373837872414622,6399.999999999999,6971.149431607644,-6998.523269480059,630.345814597999,571.149431607645,59.19638299035398,0.6327781381751449,0.98702,0.9060890361775366,1600,800,737.5940538796522,10.15315696841991,8.676859535860956,optimal_power,0.6642761951242256,0.6642761951242256,0.0002657104780496,False,False,0.1328552390248451,0.1811772661256233,1276.0385023934784,61812.7777421607,8408.124731062486,53404.65301109821,61812.7777421607,657.7196524704136,6971.090651363214,6971.149431607644,-0.0587802444297267,0.9999915680699422,True,True,True,True,18,False,0.0,,none,,1.0,bounded,,,,,,
1.2,constant,0.9,1.0,24,24,24.0,1165150.1873947792,1747725.281092168,1747725.281092168,1165150.1873947792,1165150.1873947792,1747725.281092168,1747725.281092168,17.438185560211593,43.63782971067718,22.00991103037802,12.33680486715832,12.438185560211592,27.00991103037802,27.00991103037802,430669.2300111703,448162.1735631118,426419.5276896887,234748.9695674,234748.9695674,424574.6024187902,243241.7544804043,1807.9501904775716,1828.4977655639425,1757.944764656977,1119.3135841402009,1122.0401937857146,1786.7923374470647,1147.8446404266856,43.41230538545396,cooling,True,True,7200.0000000043065,7200.000000000001,4.305547918193042e-09,-5174.726392338926,1716.5710486697617,True,,False,False,-1.546140993013978e-11,26,21.169600274221462,21.235466614286484,26,26,15,14.99999999999998,21.582699266643544,23.952162795008174,19.21323573827891,1.2107299198937107,1.5134123998671385,0.0004,0.0367496448998771,4288.291992183372,71.4715332030562,1.1911922200509366,1.4999999999999991,True,98.17772345786288,92.0,7200.000000000001,7842.859463787446,-7934.859463787446,707.4990450459562,642.8594637874447,64.6395812585115,0.6310040664523409,0.98702,0.9086365109449543,1600,800,897.6767685038191,10.176692181305093,8.020704392295265,constant,1.0,1.0,0.0004,False,False,0.2,0.165918484043359,1555.427907728045,138000.0,16973.153103001274,121026.84689699872,138000.0,799.4990450459562,7842.859463787461,7842.859463787446,1.546140993013978e-11,1.000000000000002,True,True,True,False,0,False,0.0,,none,,1.0,,,,,,,
1.2,optimal,0.9,,24,24,17.964756330170513,1201222.875903376,1801834.3138550648,1801834.3138550648,1201222.875903376,1201222.875903376,1801834.3138550648,1801834.3138550648,18.49205990288368,44.754066216214085,23.17476312835862,13.39035466192297,13.492059902883682,28.17476312835862,28.17476312835862,430937.57075609616,448393.9008627702,426449.6751333227,236677.52338021927,236677.52338021927,424784.65371626674,245233.4351888892,1806.062587257444,1826.4751717824013,1755.5290664457762,1125.6641035047724,1128.4673389503744,1784.7802011877325,1154.2951267913588,44.809552912957365,cooling,True,True,7199.999999995173,7200.000000000001,-4.827597877010703e-09,-5332.108275233812,1023.6736864085188,True,,False,False,0.0514750280935913,26,21.65230353860136,21.723555013947912,26,26,15,14.999999999999991,21.92146237163521,25.067446528092603,18.775478215177827,1.3451512829756391,1.6814391037195489,0.0002994126055028,0.0370637199839069,4190.081272654888,69.83468787758146,1.1639114646263578,1.5000000000000009,True,117.99596109103776,38.98637471800867,7200.000000000001,7846.9965310204125,-7885.982905738421,712.402690756852,646.9965310204118,65.40615973644026,0.631314756474623,0.98702,0.9081893420883164,1600,800,869.3850265658984,10.106643466423137,8.28171613265558,optimal_power,0.7485315137571046,0.7485315137571046,0.0002994126055028,False,False,0.1497063027514209,0.1755383559504968,1383.1196157289962,78125.71815912801,10314.445180532744,67811.27297859527,78125.71815912801,751.3890654748607,7846.945055992319,7846.9965310204125,-0.0514750280935913,0.9999934401617372,True,True,True,True,17,False,0.0,,none,,1.0,bounded,,,,,,
1.2,constant,1.0,1.0,24,24,24.0,1201924.3413805957,1802886.5120708945,1802886.5120708945,1201924.3413805957,1201924.3413805957,1802886.5120708945,1802886.5120708945,18.512316215262278,44.80642550573543,23.19715198305636,13.410604846213232,13.512316215262274,28.19715198305636,28.19715198305636,430942.6415986098,448435.8567452576,426450.0569397941,236714.6957157164,236714.6957157164,424788.58827773336,245271.84720981543,1806.0263153688895,1826.55457411551,1755.48235886854,1125.7862249480038,1128.5909507993838,1784.7414895118975,1154.419250175736,44.83678787279596,cooling,True,True,7999.999999996941,8000.0,-3.0586306820623573e-09,-6135.133281587573,210.3556418865519,True,,False,False,-9.640643838793039e-11,26,21.79854914851541,21.8776627106058,26,26,15,14.99999999999995,22.310802364605507,24.942348917824745,19.67925581138627,1.5466375465074818,1.933296933134352,0.0004,0.0411887175330756,4653.586911243082,77.55978185405137,1.292663030900856,1.500000000000001,True,150.64046185361502,92.0,8000.0,8720.523097420595,-8812.523097420595,791.6641726328211,720.5230974205953,71.14107521222581,0.6299635554842511,0.98702,0.9101373061059044,1600,800,1034.304634486436,10.105294993197136,7.734665139513994,constant,1.0,1.0,0.0004,False,False,0.2,0.165918484043359,1600.0000000000005,138000.0,16973.153103001274,121026.84689699872,138000.0,883.6641726328211,8720.523097420692,8720.523097420595,9.640643838793039e-11,1.000000000000011,True,True,True,False,0,False,0.0,,none,,1.0,,,,,,,
1.2,optimal,1.0,,24,24,21.811024957574688,1213046.3271161965,1820639.0229166036,1820639.0229166036,1213046.3271161965,1213046.3271161965,1820639.0229166036,1820639.0229166036,18.832306164058025,45.18106501404856,23.573417026355912,13.730518953845037,13.832306164058023,28.573417026355912,28.573417026355912,431022.3065179696,448525.4127948304,426455.3376257977,237340.0099876565,237340.0099876565,424850.2218483451,245918.1489120746,1805.4533554231848,1825.9545786294573,1754.6957701178585,1127.8389595818671,1130.6750002870103,1784.1297518723927,1156.506096771158,45.26893867562769,cooling,True,True,7999.969846832021,8000.000000000001,-0.0301531679797335,-6182.919453628943,-0.0301531680252082,True,,False,True,-7.226844900287688e-09,26,21.938689284784232,22.01984270137475,26,26,15,15.000000000000094,22.41038623503937,25.299373257806224,19.521399212272517,1.6,2.0,0.0003635170826262,0.041304756001527,4622.25468287467,77.03757804791117,1.2839596341318529,1.5008816911756797,False,159.856,69.2805020009782,8000.000000000001,8722.961534034532,-8792.24203603551,794.3762517686143,722.9615340345305,71.41471773408387,0.6302110215302406,0.9869971112970792,0.910099631534698,1600,800,1023.5127537695926,10.070794516060433,7.816219163401764,optimal_power,0.908792706565612,0.908792706565612,0.0003635170826262,False,False,0.1817585413131224,0.168566474959797,1539.820145789884,114350.33781707022,14393.758648195886,99956.57916887432,114350.33781707022,863.6567537695926,8722.961534041759,8722.961534034532,7.226844900287688e-09,1.0000000000008284,True,True,False,True,19,False,-1.1368683772161605e-13,,none,,9.00648893296493,bounded,,,,,,
1.5,constant,0.3,,24,24,0.0,933176.1684178826,1440715.7836632726,1440715.7836632726,933176.1684178826,933176.1684178826,1440715.7836632726,1440715.7836632726,10.0,37.14296937571112,16.994167049300188,4.903712659295422,5.0,19.83069306187531,19.83069306187531,428538.4888373428,446925.7333308745,425827.5671838688,226584.038272147,226584.038272147,422814.80246487225,231239.0897853616,1821.3618044484456,1842.339333797808,1772.329243834077,1092.3790693243554,1095.4115290343143,1800.965247799539,1108.344857542968,34.57268748692573,cooling,False,False,3136.066044090933,2400.0,736.0660440909332,736.066044090936,11407.001478556322,True,,True,False,-3.151567398163025e-07,26,15.386177804545524,15.410221761630847,26,26,15,14.999999998720773,17.24861986328824,18.058017732221344,16.439221994355137,0.24,0.3,0.0,0.0,0.0,29.74025344936044,0.4956708908226739,1.543884030071062,False,0.0,0.0,0.0,0.0,0.0,0.0,0.0,0.0,0.6491994616993401,0.9631607173818828,0.8862772617824825,1600,800,0.0,,,constant,,,0.0,False,False,0.0,0.165918484043359,1058.957969137304,0.0,0.0,0.0,0.0,0.0,2618.511583798336,2618.5115834831786,3.151567398163025e-07,1.0000000001203573,False,False,False,False,0,False,1.2792042980436236e-09,1.0,load_hx_capacity_insufficient,0.0,,,2400.0,0.15,240.0,0.24,1.6,160.0
1.5,optimal,0.3,,24,24,0.0,933176.1684178826,1517226.104159673,1517226.104159673,933176.1684178826,933176.1684178826,1517226.104159673,1517226.104159673,10.0,40.13313872518626,16.72009625730584,4.90348448299676,5.0,21.72009625730584,21.72009625730584,428538.4888373428,448768.0742903744,426046.4849473746,226119.0216964216,226119.0216964216,422814.80246487225,234355.2160749631,1821.3618044484456,1843.4165276535225,1768.6132293836342,1090.5355787140668,1093.739547703353,1800.965247799539,1118.7054773457526,34.57268748692573,cooling,False,False,3136.066044090933,2400.0000000000005,736.0660440909328,736.0660440909355,11407.001478556322,True,,True,False,6.824911906733178e-07,26,15.386177804545524,15.410221761630847,26,26,15,14.999997057631797,17.954273554076167,19.929582049676583,15.978965058475753,0.24,0.3,0.0,0.0,0.0,29.7377637830179,0.4956293963836317,1.6258731796933854,False,0.0,0.0,0.0,0.0,0.0,0.0,0.0,0.0,0.6616783750621585,0.9610285074357862,0.8917890751191051,1600,800,0.0,,,optimal_power,,,0.0,False,False,0.0,0.2233042563235414,779.3077428170848,0.0,0.0,0.0,0.0,0.0,2639.853437195969,2639.85343787846,-6.824911906733178e-07,0.9999999997414664,False,False,False,False,10,False,2.94236821218874e-06,,load_hx_capacity_insufficient,0.0,,,2400.0,0.15,240.0,0.24,1.6,160.0
1.5,constant,0.4,,24,24,24.0,992592.1868179224,1488888.2802268828,1488888.2802268828,992592.1868179224,992592.1868179224,1488888.2802268828,1488888.2802268828,12.02719557159594,37.69920655263269,17.4493822155427,6.928793782946514,7.027195571595939,21.028833527208008,21.028833527208008,429158.39081594936,446556.6170977173,425971.2977869135,227312.68508199276,227312.68508199276,423339.94987625256,233211.79702346367,1817.683176865988,1838.084382966742,1769.9775242893568,1094.737232916705,1097.373955557453,1797.0976097516143,1114.9125852132388,36.81398336696191,cooling,True,True,3199.999999989323,3200.0000000000005,-1.0677467798814178e-08,-366.6682033763759,9274.168514063562,True,,False,False,1.3954831956652924e-08,26,16.700794453610968,16.726580739502104,26,26,15,14.999999998122425,17.95984152961526,19.025245898632875,16.894437160597647,0.2795129800831636,0.3493912251039545,0.0004,0.0158536937328643,2212.9135477523773,36.881892462539625,0.6146982077089937,1.4999999999999991,True,8.87345853790716,92.0,3200.0000000000005,3475.82615096622,-3567.82615096622,309.54098771609284,275.8261509662195,33.71483674987337,0.638666374204536,0.973023230668388,0.8910811876687678,1600,800,410.414446254,10.337887798351929,7.796996497583234,constant,1.0,1.0,0.0004,False,False,0.2,0.165918484043359,1190.5370937920936,138000.0,16973.153103001274,121026.84689699872,138000.0,401.5409877160928,3475.826150952265,3475.82615096622,-1.3954831956652924e-08,0.9999999999959852,True,True,True,False,0,False,1.8775381249724887e-09,,none,,1.0,,3200.0,0.1746956125519772,279.51298008316365,0.24,1.6,160.0
1.5,optimal,0.4,,24,24,9.6,1061837.275396204,1592755.913094856,1592755.913094856,1061837.275396204,1061837.275396204,1592755.913094856,1592755.913094856,14.277574823120233,40.0749038114397,18.516290333151066,9.177229002471734,9.277574823120233,23.516290333151066,23.516290333151066,429812.9482707479,447146.1946272899,426214.3524008827,229026.71380375352,229026.71380375352,423884.031363248,237344.96169234772,1813.6235006469249,1833.74231116322,1765.0393274127205,1100.2986038371212,1102.805825421622,1792.8126911511265,1128.575353317976,39.44534235604146,cooling,True,True,3199.999999999415,3200.0000000000005,-5.852598405908792e-10,-702.7319156160006,7794.597578201257,True,,False,False,3.2287061912938946e-11,26,18.06623359318905,18.094160151840796,26,26,15,15.000000000000012,18.8881265596674,21.48783225225378,16.288420867081015,0.3276185006472951,0.4095231258091188,0.0001599999999999,0.0159373475402569,2081.110779883304,34.68517966472173,0.5780863277453622,1.500000000000518,True,11.263879361110376,6.111798148187898,3200.0000000000005,3476.245971185103,-3482.357769333291,310.7959387253499,276.2459711851026,34.54996754024734,0.6394952329027196,0.97072255124663,0.8888339156491388,1600,800,328.1716162346482,10.29614483742607,9.750995642816187,optimal_power,0.3999999999999999,0.3999999999999999,0.0001599999999999,True,False,0.0799999999999999,0.2233042563235414,850.1967286208528,22919.243055704617,3554.9475521848217,19364.2955035198,22919.243055704617,316.90773687353783,3476.24597118507,3476.245971185103,-3.2287061912938946e-11,0.9999999999999908,True,True,True,True,22,True,0.0,,none,,1.0,bounded,3200.0,0.2047615629045594,327.6185006472951,0.24,1.6,160.0
1.5,constant,0.5,,24,24,24.0,1025790.5535704796,1538685.830355754,1538685.830355754,1025790.5535704796,1025790.5535704796,1538685.830355754,1538685.830355754,13.12036081346082,38.91454311784071,17.911594221367864,8.020973334153211,8.12036081346082,22.23714779382891,22.23714779382891,429480.8697820573,446920.3815249055,426098.929582924,228053.22537523543,228053.22537523543,423609.4916124912,235213.05005285091,1815.708396241738,1836.2034544199144,1767.588887297813,1097.127215734325,1099.6853660092502,1795.015535919925,1121.5444044023673,38.072885758713646,cooling,True,True,3999.9999999981646,4000.000000000001,-1.8358150555286559e-09,-1329.9176507855625,7755.438318314285,True,,False,False,6.693881005048752e-10,26,17.859700914825794,17.89082168809331,26,26,15,14.999999916768427,18.681995003464664,20.007340840506515,17.356649166422812,0.399132855483549,0.4989160693544363,0.0004,0.0198582474207027,2663.410284856478,44.39017141427463,0.7398361902379106,1.5000000000000338,True,15.292201400404329,92.0,4000.000000000001,4346.318139085733,-4438.318139085733,386.0250438018678,346.318139085732,39.70690471613585,0.636433315294334,0.9791676430206532,0.8971390448529657,1600,800,493.31724520227215,10.36202200925868,8.108372530864804,constant,1.0,1.0,0.0004,False,False,0.2,0.165918484043359,1292.654288347116,138000.0,16973.153103001274,121026.84689699872,138000.0,478.0250438018678,4346.318139085063,4346.318139085733,-6.693881005048752e-10,0.999999999999846,True,True,True,False,0,False,8.323161182488549e-08,,none,,1.0,,4000.0,0.2494580346772181,399.13285548354906,0.24,1.6,160.0
1.5,optimal,0.5,,24,24,10.698023266318538,1098711.1625622122,1648066.7438419466,1648066.7438419466,1098711.1625622122,1098711.1625622122,1648066.7438419466,1648066.7438419466,15.431159039883369,41.359621573217,19.79143292072388,10.33042548570478,10.431159039883369,24.79143292072388,24.79143292072388,430134.2301443834,447508.47209680406,426308.4367721286,231104.82482850287,231104.82482850287,424146.3363031256,239484.36403482212,1811.5498540143303,1831.76775050146,1762.473747427256,1107.2342596521878,1109.8197882346394,1790.6167541685038,1135.5963617449977,40.85542840617344,cooling,True,True,4000.0000000060168,4000.000000000001,6.01630745222792e-09,-1675.0041199583866,6236.143340749455,True,,False,False,0.0073958529437732,26,19.17166486663217,19.206205787007192,26,26,15,15.000000000000025,19.59917198062118,22.51838126320393,16.679962698038423,0.4758203507740837,0.5947754384676046,0.0001783003877719,0.0200975327924613,2516.450674581498,41.9408445763583,0.6990140762726383,1.4999999999987514,True,20.23387528610592,8.414345904327039,4000.000000000001,4349.179397382933,-4357.59374328726,389.9734125328008,349.17939738293194,40.79401514986887,0.6370768008969196,0.9774050066759058,0.8953928297703175,1600,800,418.62163372323374,10.257109514263512,9.55516790764939,optimal_power,0.4457509694299391,0.4457509694299391,0.0001783003877719,False,False,0.0891501938859878,0.2110876897464817,948.4518366409712,28315.179824806517,4267.880372945455,24047.299451861058,28315.179824806517,398.38775843712784,4349.172001529989,4349.179397382933,-0.0073958529437732,0.9999982994831282,True,True,True,True,16,False,0.0,,none,,1.0,bounded,4000.0,0.2973877192338023,475.82035077408375,0.24,1.6,160.0
1.5,constant,0.6,,24,24,24.0,1059591.993529344,1589387.9902944986,1589387.9902944986,1059591.993529344,1059591.993529344,1589387.9902944986,1589387.9902944986,14.206364575524276,40.10569736886214,18.437576516075357,9.106043042370516,9.206364575524276,23.437576516075357,23.437576516075357,429792.7939554482,447252.60744853376,426207.8494348944,228898.81648785493,228898.81648785493,423867.4638094381,237213.3661015553,1813.7516494095355,1834.2766379841876,1765.1968864700602,1099.8706136934177,1102.373066327513,1792.9482321345326,1128.1423597335513,39.35968315050312,cooling,True,True,4800.000000000019,4800.000000000001,1.8189894035458565e-11,-2292.097628021859,6241.416625527244,True,,False,False,1.1690644896589221e-08,26,18.847176478563934,18.8847908381006,26,26,15,15.000000000000014,19.40444786765181,20.989842879978653,17.81905285532497,0.5450816688464692,0.6813520860580865,0.0004,0.0238932000874655,3086.764610417945,51.44607684029908,0.8574346140049847,1.5000000000004554,True,25.241630138765828,92.0,4800.000000000001,5217.1708172801245,-5309.1708172801245,462.87154175431215,417.170817280124,45.70072447418818,0.6349129393377378,0.9833071978605936,0.9012669383367584,1600,800,580.113171893078,10.370047771370215,8.274247565067702,constant,1.0,1.0,0.0004,False,False,0.2,0.165918484043359,1374.8146531666914,138000.0,16973.153103001274,121026.84689699872,138000.0,554.8715417543121,5217.170817268434,5217.1708172801245,-1.1690644896589221e-08,0.9999999999977592,True,True,True,False,0,False,0.0,,none,,1.0,,4800.0,0.3406760430290432,545.0816688464693,0.24,1.6,160.0
1.5,optimal,0.6,,24,24,12.33525514675923,1126354.5044112245,1689531.7566168366,1689531.7566168366,1126354.5044112245,1126354.5044112245,1689531.7566168366,1689531.7566168366,16.27701696075161,42.30035857217837,20.72641753497703,11.17600624248331,11.27701696075161,25.72641753497703,25.72641753497703,430363.4724199233,447765.0500352486,426363.60097658576,232636.14403010532,232636.14403010532,424331.2549551885,241062.34565436895,1810.0317519145387,1830.3157241263957,1760.5757415917742,1112.3229322477573,1114.9671578528453,1789.005845285519,1140.7529562435152,41.91670174462963,cooling,True,True,4800.000000003405,4800.0,3.4051481634378433e-09,-2601.3215629945885,4880.011837698199,True,,False,False,7.003109203651546e-11,26,19.955661584167444,19.997675307029567,26,26,15,15.00000000000001,20.18425611589919,23.225923111526757,17.142589120271623,0.6450454481202905,0.8063068101503631,0.0002055875857793,0.0242758552350276,2948.5449401726028,49.14241566954338,0.8190402611590564,1.5000000000000002,True,33.36442400546115,12.815994422707648,4800.0,5222.438179050736,-5235.254173473443,469.3519643639231,422.4381790507362,46.91378531318685,0.6353626545639094,0.9820863829851296,0.9000456184800131,1600,800,515.5323827920919,10.2268667534077,9.310763320052745,optimal_power,0.5139689644483012,0.5139689644483012,0.0002055875857793,False,False,0.1027937928896602,0.1980517447335158,1059.949633224135,37403.02034520055,5432.072692570156,31970.947652630395,37403.02034520055,482.1679587866307,5222.438179050666,5222.438179050736,-7.003109203651546e-11,0.9999999999999866,True,True,True,True,17,False,0.0,,none,,1.0,bounded,4800.0,0.4031534050751815,645.0454481202905,0.24,1.6,160.0
1.5,constant,0.7,,24,24,24.0,1094005.853740944,1641008.780609558,1641008.780609558,1094005.853740944,1094005.853740944,1641008.780609558,1641008.780609558,15.285591801976976,41.281138296466,19.63052669626194,10.18490656792568,10.285591801976976,24.63052669626194,24.63052669626194,430094.2341903579,447562.40677257575,426297.74937802,230841.94369847747,230841.94369847747,424113.8746282608,239213.6023474101,1811.8112976005573,1832.3317386277413,1762.798904671629,1106.358811637218,1108.9343487924918,1790.893897272818,1134.7096884358314,40.67514251611897,cooling,True,True,5599.99999999453,5600.000000000001,-5.470610631164163e-09,-3253.2656212950374,4731.850344035306,True,,False,False,1.3041244528722018e-08,26,19.70957472640407,19.754989372572997,26,26,15,14.99999999999998,20.129323685022968,21.975640052295773,18.28300731775016,0.7231125000067551,0.903890625008444,0.0004,0.0281050721483585,3502.4615791707374,58.37435965284563,0.9729059942140936,1.4999999999983016,True,40.43001982922103,92.0,5600.000000000001,6090.9442507232125,-6182.9442507232125,542.8553157308853,490.9442507232115,51.91106500767381,0.6337693284386121,0.986398142232904,0.9043740320792802,1600,800,675.2853355601063,10.31582419426126,8.292790773185022,constant,1.0,1.0,0.0004,False,False,0.2,0.165918484043359,1444.95412307663,138000.0,16973.153103001274,121026.84689699872,138000.0,634.8553157308853,6090.944250710171,6090.9442507232125,-1.3041244528722018e-08,0.9999999999978588,True,True,True,False,0,False,0.0,,none,,1.0,,5600.0,0.4519453125042219,723.1125000067551,0.24,1.6,160.0
1.5,optimal,0.7,,24,24,14.088884143557229,1152193.0633168796,1728289.5949753174,1728289.5949753174,1152193.0633168796,1152193.0633168796,1728289.5949753174,1728289.5949753174,17.053651246740287,43.15690373471784,21.58487193946354,11.952391681629422,12.053651246740287,26.58487193946354,26.58487193946354,430569.1344880908,447986.2380733677,426403.5959397082,234047.8974123376,234047.8974123376,424495.38041755167,242518.29790051284,1808.639266262304,1828.9552255007668,1758.819459786008,1116.9978500551908,1119.6969427973384,1787.5257061564882,1145.494419393831,42.91198664071952,cooling,True,True,5600.000000001332,5600.000000000001,1.331500243395567e-09,-3517.3013921834417,3569.393231272331,True,,False,False,0.0270900541463561,26,20.60586838326128,20.656452203844324,26,26,15,15.000000000000004,20.760283052504803,23.87101892078573,17.649547184223877,0.843265509426201,1.0540818867827513,0.0002348147357259,0.0284956480191571,3369.1300265857017,56.15216710976169,0.9358694518293617,1.4999999999999982,True,52.51436475633827,18.987456256204517,5600.000000000001,6096.311653279253,-6115.299109535457,549.3462194856031,496.3116532792516,53.034566206351485,0.6341061333317467,0.9854898345075256,0.903458758201682,1600,800,620.8480404981459,10.19393562996343,9.019920551745262,optimal_power,0.5870368393148845,0.5870368393148845,0.0002348147357259,False,False,0.1174073678629769,0.1883892496287847,1169.1698163921194,48516.860402741375,6809.526296892044,41707.33410584933,48516.860402741375,568.3336757418076,6096.2845632251065,6096.311653279253,-0.0270900541463561,0.9999955563206596,True,True,True,True,17,False,0.0,,none,,1.0,bounded,5600.0,0.5270409433913756,843.265509426201,0.24,1.6,160.0
1.5,constant,0.8,,24,24,24.0,1129185.0051771856,1693777.507765778,1693777.507765778,1129185.0051771856,1129185.0051771856,1693777.507765778,1693777.507765778,16.362743125888073,42.462083403549286,20.82117587065005,11.261704669434891,11.362743125888072,25.82117587065005,25.82117587065005,430386.4018550494,447869.9934209868,426368.5222837608,232791.70319411223,232791.70319411223,424349.63960255845,241222.71865552512,1809.8779886735656,1830.419863025764,1760.3825373182049,1112.838825144909,1115.4890609664576,1788.8425231741876,1141.2759945591993,42.02557423305486,cooling,True,True,6400.000000002904,6399.999999999998,2.9058355721645053e-09,-4214.123606593377,3223.648919184385,True,,False,False,4.747562343254684e-10,26,20.47754340247405,20.532284979930644,26,26,15,15.000000000000014,20.85550003839984,22.96320589268845,18.74779418411123,0.9413378299256876,1.1766722874071094,0.0004,0.0323895329346972,3904.227180221493,65.07045300369155,1.084507550061526,1.4999999999999996,True,63.4402624149721,92.0,6399.999999999998,6966.28536484172,-7058.28536484172,624.5132868050654,566.2853648417216,58.22792196334376,0.6323080145303082,0.98702,0.9067627171533358,1600,800,779.9535492200375,10.247980523747742,8.205616868337955,constant,1.0,1.0,0.0004,False,False,0.2,0.165918484043359,1504.3293774413978,138000.0,16973.153103001274,121026.84689699872,138000.0,716.5132868050654,6966.285364841245,6966.28536484172,-4.747562343254684e-10,0.9999999999999318,True,True,True,False,0,False,0.0,,none,,1.0,,6400.0,0.5883361437035547,941.3378299256876,0.24,1.6,160.0
1.5,optimal,0.8,,24,24,15.928145955643744,1177330.9785951118,1765996.4678926675,1765996.4678926675,1177330.9785951118,1177330.9785951118,1765996.4678926675,1765996.4678926675,17.796759781717753,43.97938399082028,22.40625045001377,12.695267422767644,12.796759781717752,27.40625045001377,27.40625045001377,430761.52140117256,448196.0751213786,426432.0292133578,235403.96347439996,235403.96347439996,424647.2413711655,243917.92973380056,1807.307816785403,1827.6641378896595,1757.1259380611775,1121.4736479856886,1124.2261286249295,1786.1081150285895,1150.0378080230264,43.88339788435438,cooling,True,True,6399.999999997695,6399.999999999999,-2.303750079590827e-09,-4428.274603784249,2280.8170102646336,True,,False,False,0.0561833064020902,26,21.16784314456993,21.228192934287804,26,26,15,14.999999999999986,21.341478009980165,24.49038284437512,18.19257317558521,1.0758130302678184,1.3447662878347728,0.0002654690992607,0.0327604422778409,3781.756483814474,63.029274730241234,1.0504879121706872,1.5,True,79.9309016138902,27.30028754254462,6399.999999999999,6971.163690790728,-6998.463978333272,630.362919582026,571.1636907907281,59.19922879129797,0.6327795113371616,0.98702,0.9060870699206878,1600,800,737.5941087384609,10.152881461117095,8.676858890516623,optimal_power,0.6636727481518226,0.6636727481518226,0.0002654690992607,False,False,0.1327345496303645,0.1812248524708543,1275.5351173046015,61702.7464633052,8395.077924969577,53307.66853833562,61702.7464633052,657.6632071245707,6971.107507484326,6971.163690790728,-0.0561833064020902,0.9999919406129458,True,True,True,True,21,False,0.0,,none,,1.0,bounded,6400.0,0.6723831439173864,1075.8130302678185,0.24,1.6,160.0
1.5,constant,0.9,,24,24,24.0,1165150.1873947792,1747725.281092168,1747725.281092168,1165150.1873947792,1165150.1873947792,1747725.281092168,1747725.281092168,17.438185560211593,43.63782971067718,22.00991103037802,12.33680486715832,12.438185560211592,27.00991103037802,27.00991103037802,430669.2300111703,448162.1735631118,426419.5276896887,234748.9695674,234748.9695674,424574.6024187902,243241.7544804043,1807.9501904775716,1828.4977655639425,1757.944764656977,1119.3135841402009,1122.0401937857146,1786.7923374470647,1147.8446404266856,43.41230538545396,cooling,True,True,7200.0000000043065,7200.000000000001,4.305547918193042e-09,-5174.726392338926,1716.5710486697617,True,,False,False,-1.546140993013978e-11,26,21.169600274221462,21.235466614286484,26,26,15,14.99999999999998,21.582699266643544,23.952162795008174,19.21323573827891,1.2107299198937107,1.5134123998671385,0.0004,0.0367496448998771,4288.291992183372,71.4715332030562,1.1911922200509366,1.4999999999999991,True,98.17772345786288,92.0,7200.000000000001,7842.859463787446,-7934.859463787446,707.4990450459562,642.8594637874447,64.6395812585115,0.6310040664523409,0.98702,0.9086365109449543,1600,800,897.6767685038191,10.176692181305093,8.020704392295265,constant,1.0,1.0,0.0004,False,False,0.2,0.165918484043359,1555.427907728045,138000.0,16973.153103001274,121026.84689699872,138000.0,799.4990450459562,7842.859463787461,7842.859463787446,1.546140993013978e-11,1.000000000000002,True,True,True,False,0,False,0.0,,none,,1.0,,7200.0,0.7567061999335691,1210.7299198937108,0.24,1.6,160.0
1.5,optimal,0.9,,24,24,17.951276530963497,1201336.8313685884,1802005.2470528807,1802005.2470528807,1201336.8313685884,1201336.8313685884,1802005.2470528807,1802005.2470528807,18.49535121485297,44.75755363545869,23.17840094433018,13.39364497789154,13.495351214852974,28.17840094433018,28.17840094433018,430938.3949079702,448394.6078139575,426449.73768466886,236683.56299388252,236683.56299388252,424785.29328302096,245239.67616157405,1806.0566936651792,1826.468854534971,1755.5214779744044,1125.6839460381211,1128.4874236041874,1784.7739112913414,1154.315294395726,44.81397715730338,cooling,True,True,7200.000000002815,7200.0,2.814886101987213e-09,-5332.599788172259,1021.5097269215476,True,,False,False,0.0697043142963593,26,21.65379403004624,21.725063793868035,26,26,15,14.999999999999986,21.92265491096856,25.07097205045204,18.77433777148508,1.3456125902628262,1.6820157378285328,0.0002991879421827,0.0370647150912792,4189.78009486167,69.8296682476945,1.1638278041282415,1.499999999999999,True,118.0667237274458,38.8997842560772,7200.0,7847.00955793313,-7885.909342189208,712.4181350423435,647.0095579331305,65.40857710921296,0.6313157316539365,0.98702,0.9081879392285188,1600,800,869.3846430258665,10.1064243677234,8.281719786239405,optimal_power,0.7479698554568123,0.7479698554568123,0.0002991879421827,False,False,0.1495939710913624,0.1755702382712601,1382.6754032026815,78010.73259627493,10301.185395363937,67709.547200911,78010.73259627493,751.3179192984206,7846.939853618834,7847.00955793313,-0.0697043142963593,0.9999911170855876,True,True,True,True,17,False,0.0,,none,,1.0,bounded,7200.0,0.8410078689142664,1345.6125902628262,0.24,1.6,160.0
1.5,constant,1.0,,24,24,24.0,1201924.3413805957,1802886.5120708945,1802886.5120708945,1201924.3413805957,1201924.3413805957,1802886.5120708945,1802886.5120708945,18.512316215262278,44.80642550573543,23.19715198305636,13.410604846213232,13.512316215262274,28.19715198305636,28.19715198305636,430942.6415986098,448435.8567452576,426450.0569397941,236714.6957157164,236714.6957157164,424788.58827773336,245271.84720981543,1806.0263153688895,1826.55457411551,1755.48235886854,1125.7862249480038,1128.5909507993838,1784.7414895118975,1154.419250175736,44.83678787279596,cooling,True,True,7999.999999996941,8000.0,-3.0586306820623573e-09,-6135.133281587573,210.3556418865519,True,,False,False,-9.640643838793039e-11,26,21.79854914851541,21.8776627106058,26,26,15,14.99999999999995,22.310802364605507,24.942348917824745,19.67925581138627,1.5466375465074818,1.933296933134352,0.0004,0.0411887175330756,4653.586911243082,77.55978185405137,1.292663030900856,1.500000000000001,True,150.64046185361502,92.0,8000.0,8720.523097420595,-8812.523097420595,791.6641726328211,720.5230974205953,71.14107521222581,0.6299635554842511,0.98702,0.9101373061059044,1600,800,1034.304634486436,10.105294993197136,7.734665139513994,constant,1.0,1.0,0.0004,False,False,0.2,0.165918484043359,1600.0000000000005,138000.0,16973.153103001274,121026.84689699872,138000.0,883.6641726328211,8720.523097420692,8720.523097420595,9.640643838793039e-11,1.000000000000011,True,True,True,False,0,False,0.0,,none,,1.0,,8000.0,0.966648466567176,1546.6375465074818,0.24,1.6,160.0
1.5,optimal,1.0,,24,24,21.811241089363246,1213046.3271161965,1820636.928821985,1820636.928821985,1213046.3271161965,1213046.3271161965,1820636.928821985,1820636.928821985,18.832306164058025,45.18099564966792,23.57337280531118,13.730518913915375,13.832306164058023,28.57337280531118,28.57337280531118,431022.3065179696,448525.3714098792,426455.3371317624,237339.93643007372,237339.93643007372,424850.2218483451,245918.0728707695,1805.4533554231848,1825.954552007209,1754.6958627448148,1127.838718289565,1130.6747439460278,1784.1297518723927,1156.5058514175705,45.26893867562769,cooling,True,True,7999.969846832021,8000.0,-0.030153167978824,-6182.919453628942,-0.0301531680242987,True,,False,True,-6.773916538804769e-09,26,21.938689284784232,22.01984270137475,26,26,15,15.000000000000064,22.410373211383103,25.299331623564623,19.52141479920158,1.6,2.0,0.0003635206848227,0.0413047403146165,4622.2527175381565,77.03754529230261,1.2839590882050436,1.5008799648651736,False,159.856,69.28253753096548,8000.0,8722.959550070205,-8792.242087601171,794.374218208517,722.9595500702059,71.41466813831119,0.6302107045402905,0.9869971561121,0.9100994638278084,1600,800,1023.5127557394824,10.07082029681389,7.816219148358384,optimal_power,0.9088017120568018,0.9088017120568018,0.0003635206848227,False,False,0.1817603424113603,0.1685661777178122,1539.8263518860963,114352.56439080386,14394.004214497278,99958.56017630658,114352.56439080386,863.6567557394825,8722.95955007698,8722.959550070205,6.773916538804769e-09,1.0000000000007765,True,True,False,True,18,False,-5.684341886080803e-14,,none,,9.006428238475111,bounded,8000.0,1.0,1600.0,0.24,1.6,160.0
