max_ratio,max_flow_L_min,plr,water_reference_L_min,constant_setpoint_L_min,optimal_flow_L_min,optimal_flow_ratio_to_ref,at_min,at_max,compressor_W,pump_W,fan_W,total_W,system_COP,constant_total_W,constant_system_COP,total_saving_percent,COP_gain_percent
1.0,24.0,0.4,24,24,9.6,0.3999999999999999,True,False,310.7959387253499,6.111798148187898,11.263879361110376,328.1716162346482,9.750995642816187,410.414446254,7.796996497583234,20.03897055038185,25.060921161611628
1.0,24.0,0.5,24,24,10.701275906404836,0.4458864961002013,False,False,389.96968036237513,8.421903699749025,20.23011188954488,418.621695951669,9.555166487266373,493.31724520227215,8.108372530864804,15.141483493036246,17.84321022368296
1.0,24.0,0.6,24,24,12.334665037436674,0.5139443765598614,False,False,469.35267985418096,12.81418214955551,33.36551763065301,515.5323796343895,9.31076337708237,580.113171893078,8.274247565067702,11.132447147845747,12.5270099046908
1.0,24.0,0.7,24,24,14.083190763303213,0.5867996151376339,False,False,549.3533400021737,18.964766109287503,52.530276578023454,620.8483826894847,9.019915580259829,675.2853355601063,8.292790773185022,8.061326080103559,8.768155702492653
1.0,24.0,0.8,24,24,15.934305484891825,0.663929395203826,False,False,630.3559212857814,27.331552568360618,79.90777853215279,737.5952523862948,8.676845436971686,779.9535492200375,8.205616868337955,5.430874297078536,5.742756165621188
1.0,24.0,0.9,24,24,17.951510557682084,0.7479796065700869,False,False,712.4181350423435,38.90128648774298,118.0667237274458,869.3861452575322,8.281705476071503,897.6767685038191,8.020704392295265,3.151537862948106,3.254091798059
1.0,24.0,1.0,24,24,21.81070849513932,0.9087795206308048,False,False,794.3792330099277,69.27752162825523,159.856,1023.512754638183,7.816219156768633,1034.304634486436,7.734665139513994,1.0433947106513353,1.054396225093246
1.2,28.799999999999997,0.4,24,24,9.6,0.3999999999999999,True,False,310.7959387253499,6.111798148187898,11.263879361110376,328.1716162346482,9.750995642816187,410.414446254,7.796996497583234,20.03897055038185,25.060921161611628
1.2,28.799999999999997,0.5,24,24,10.697389791123058,0.4457245746301274,False,False,389.9741766045064,8.412874492845344,20.234645877588186,418.6216969749399,9.555166463909904,493.31724520227215,8.108372530864804,15.141483285609702,17.843209935629247
1.2,28.799999999999997,0.6,24,24,12.3346072739036,0.5139419697459833,False,False,469.35275044096267,12.81400476224448,33.36562552512908,515.5323807283362,9.310763357325168,580.113171893078,8.274247565067702,11.132446959271046,12.52700966591136
1.2,28.799999999999997,0.7,24,24,14.07221197151368,0.5863421654797366,False,False,549.3668298878567,18.921062556763,52.56044030847255,620.8483327530923,9.019916305754316,675.2853355601063,8.292790773185022,8.061333474961652,8.76816445098887
1.2,28.799999999999997,0.8,24,24,15.942628682981416,0.6642761951242256,False,False,630.345814597999,27.373837872414622,79.87440140923849,737.5940538796522,8.676859535860956,779.9535492200375,8.205616868337955,5.431027960927337,5.742927985601298
1.2,28.799999999999997,0.9,24,24,17.964756330170513,0.7485315137571046,False,False,712.402690756852,38.98637471800867,117.99596109103776,869.3850265658984,8.28171613265558,897.6767685038191,8.020704392295265,3.1516624837106155,3.254224661502847
1.2,28.799999999999997,1.0,24,24,21.811024957574688,0.908792706565612,False,False,794.3762517686143,69.2805020009782,159.856,1023.5127537695926,7.816219163401764,1034.304634486436,7.734665139513994,1.0433947946295263,1.0543963108517351
1.5,36.0,0.4,24,24,9.6,0.3999999999999999,True,False,310.7959387253499,6.111798148187898,11.263879361110376,328.1716162346482,9.750995642816187,410.414446254,7.796996497583234,20.03897055038185,25.060921161611628
1.5,36.0,0.5,24,24,10.698023266318538,0.4457509694299391,False,False,389.9734125328008,8.414345904327039,20.23387528610592,418.62163372323374,9.55516790764939,493.31724520227215,8.108372530864804,15.141496107319618,17.843227741168867
1.5,36.0,0.6,24,24,12.33525514675923,0.5139689644483012,False,False,469.3519643639231,12.815994422707648,33.36442400546115,515.5323827920919,9.310763320052745,580.113171893078,8.274247565067702,11.132446603520506,12.52700921544836
1.5,36.0,0.7,24,24,14.088884143557229,0.5870368393148845,False,False,549.3462194856031,18.987456256204517,52.51436475633827,620.8480404981459,9.019920551745262,675.2853355601063,8.292790773185022,8.061376753695992,8.768215651978517
1.5,36.0,0.8,24,24,15.928145955643744,0.6636727481518226,False,False,630.362919582026,27.30028754254462,79.9309016138902,737.5941087384609,8.676858890516623,779.9535492200375,8.205616868337955,5.4310209273278565,5.742920120935624
1.5,36.0,0.9,24,24,17.951276530963497,0.7479698554568123,False,False,712.4181350423435,38.8997842560772,118.0667237274458,869.3846430258665,8.281719786239405,897.6767685038191,8.020704392295265,3.1517052095608733,3.254270213410093
1.5,36.0,1.0,24,24,21.811241089363246,0.9088017120568018,False,False,794.374218208517,69.28253753096548,159.856,1023.5127557394824,7.816219148358384,1034.304634486436,7.734665139513994,1.0433946041740527,1.0543961163587579
