kind,plr,ground_flow_L_min,ground_flow_ref_ratio,ground_pressure_drop_bhe [Pa],ground_pressure_drop_aux [Pa],ground_pressure_drop_total [Pa],E_pmp [W],dV_iu_a [m3/s],indoor_fan_flow_ratio_to_ref,indoor_fan_flow_min_m3_s,indoor_fan_flow_max_m3_s,iu_fan_flow_min_limit,iu_fan_flow_max_limit,E_iu_fan [W],converged,hx_feasible,failure_reason
constant,0.3,0.0,,0.0,0.0,0.0,0.0,0.24,0.15,0.24,1.6,True,False,0.0,False,False,load_hx_capacity_insufficient
optimal,0.3,0.0,,0.0,0.0,0.0,0.0,0.24,0.15,0.24,1.6,True,False,0.0,False,False,load_hx_capacity_insufficient
constant,0.4,24.0,1.0,16973.153103001274,121026.84689699872,138000.0,92.0,0.2795129800831636,0.1746956125519772,0.24,1.6,False,False,8.87345853790716,True,True,none
optimal,0.4,9.6,0.3999999999999999,3554.9475521848217,19364.2955035198,22919.243055704617,6.111798148187898,0.3276185006472951,0.2047615629045594,0.24,1.6,False,False,11.263879361110376,True,True,none
constant,0.5,24.0,1.0,16973.153103001274,121026.84689699872,138000.0,92.0,0.399132855483549,0.2494580346772181,0.24,1.6,False,False,15.292201400404329,True,True,none
optimal,0.5,10.698023266318538,0.4457509694299391,4267.880372945455,24047.299451861058,28315.179824806517,8.414345904327039,0.4758203507740837,0.2973877192338023,0.24,1.6,False,False,20.23387528610592,True,True,none
constant,0.6,24.0,1.0,16973.153103001274,121026.84689699872,138000.0,92.0,0.5450816688464692,0.3406760430290432,0.24,1.6,False,False,25.241630138765828,True,True,none
optimal,0.6,12.33525514675923,0.5139689644483012,5432.072692570156,31970.947652630395,37403.02034520055,12.815994422707648,0.6450454481202905,0.4031534050751815,0.24,1.6,False,False,33.36442400546115,True,True,none
constant,0.7,24.0,1.0,16973.153103001274,121026.84689699872,138000.0,92.0,0.7231125000067551,0.4519453125042219,0.24,1.6,False,False,40.43001982922103,True,True,none
optimal,0.7,14.088884143557229,0.5870368393148845,6809.526296892044,41707.33410584933,48516.860402741375,18.987456256204517,0.843265509426201,0.5270409433913756,0.24,1.6,False,False,52.51436475633827,True,True,none
constant,0.8,24.0,1.0,16973.153103001274,121026.84689699872,138000.0,92.0,0.9413378299256876,0.5883361437035547,0.24,1.6,False,False,63.4402624149721,True,True,none
optimal,0.8,15.928145955643744,0.6636727481518226,8395.077924969577,53307.66853833562,61702.7464633052,27.30028754254462,1.0758130302678184,0.6723831439173864,0.24,1.6,False,False,79.9309016138902,True,True,none
constant,0.9,24.0,1.0,16973.153103001274,121026.84689699872,138000.0,92.0,1.2107299198937107,0.7567061999335691,0.24,1.6,False,False,98.17772345786288,True,True,none
optimal,0.9,17.951276530963497,0.7479698554568123,10301.185395363937,67709.547200911,78010.73259627493,38.8997842560772,1.3456125902628262,0.8410078689142664,0.24,1.6,False,False,118.0667237274458,True,True,none
constant,1.0,24.0,1.0,16973.153103001274,121026.84689699872,138000.0,92.0,1.5466375465074818,0.966648466567176,0.24,1.6,False,False,150.64046185361502,True,True,none
optimal,1.0,21.811241089363246,0.9088017120568018,14394.004214497278,99958.56017630658,114352.56439080386,69.28253753096548,1.6,1.0,0.24,1.6,False,True,159.856,True,True,none
