plr,prescribed_ratio,UA_ground_rated_W_K,P_ref_cmp_in [Pa],P_ref_cmp_out [Pa],P_ref_exp_in [Pa],P_ref_exp_out [Pa],P_ref_evap_sat [Pa],P_ref_cond_sat_l [Pa],P_ref_cond_sat_v [Pa],T_ref_cmp_in [°C],T_ref_cmp_out [°C],T_ref_exp_in [°C],T_ref_exp_out [°C],T_ref_evap_sat [°C],T_ref_cond_sat_l [°C],T_ref_cond_sat_v [°C],h_ref_cmp_in [J/kg],h_ref_cmp_out [J/kg],h_ref_cond_sat_v [J/kg],h_ref_exp_in [J/kg],h_ref_exp_out [J/kg],h_ref_evap_sat [J/kg],h_ref_cond_sat_l [J/kg],s_ref_cmp_in [J/(kg·K)],s_ref_cmp_out [J/(kg·K)],s_ref_cond_sat_v [J/(kg·K)],s_ref_exp_in [J/(kg·K)],s_ref_exp_out [J/(kg·K)],s_ref_evap_sat [J/(kg·K)],s_ref_cond_sat_l [J/(kg·K)],rho_ref_cmp_in [kg/m3],mode,hp_is_on,converged,converged_rps,capacity_clamped,iu_fan_flow_min_limit,iu_fan_flow_max_limit,err_Q_evap [W],T_iu_a_in [°C],T_iu_a_mid [°C],T_iu_a_out [°C],T_a_room [°C],T0 [°C],Ts [°C],T_bhe [°C],T_bhe_f [°C],T_bhe_f_in [°C],T_bhe_f_out [°C],dV_iu_a [m3/s],v_iu_a [m/s],dV_bhe_f [m3/s],m_dot_ref [kg/s],cmp_rpm [rpm],cmp_rps [rev/s],n_star [-],pressure_ratio,pr_floor_active,E_iu_fan [W],E_pmp [W],Q_ref_iu [W],Q_ref_ground [W],Q_bhe [W],E_cmp [W],E_cmp_ref [W],E_cmp_loss [W],eta_is [-],eta_v [-],eta_em [-],UA_ground_rated [W/K],UA_iu_rated [W/K],E_tot [W],cop_ref [-],cop_sys [-],ground_flow_control,ground_flow_ratio,ground_flow_ref_ratio,ground_flow [m3/s],ground_flow_at_min,ground_flow_at_max,m_dot_borehole [kg/s],R_b_eff [mK/W],UA_ground [W/K],ground_pressure_drop [Pa],E_cmp_plus_pmp [W],Q_HX_available [W],Q_ref_required [W],hx_capacity_margin [W],hx_capacity_ratio,hx_feasible,approach_solver_success,approach_at_bound,flow_optimizer_success,flow_optimizer_nfev,flow_bound_active,ground_temperature_residual [K],candidate_ground_flow_ratio,failure_reason,Q_ref_tank [W]
0.3,0.4,100,1652137.7972935715,2478206.69593925,2478206.69593925,1652137.7972935715,1652137.7972935715,2478206.69593925,2478206.69593925,25.5,51.809780737611334,35.886061766390355,24.895727743156897,25.0,40.886061766390355,40.886061766390355,427034.2447756643,442851.49927979714,425226.7568422348,258500.96112658273,258500.96112658273,426314.4282378984,267980.71876012464,1764.698737219962,1781.8196044058977,1726.6217002517258,1195.603558148262,1199.3729696944135,1762.2864794922095,1226.030646166097,65.61154447429644,cooling,False,False,True,,False,True,1404.5698425199016,26,,26,26,26,15,15.0,17.93220122860083,19.89274960808939,15.971652849112274,,,0.0,0.0,0.0,19.246739432867006,0.3207789905477834,1.4999999999993296,True,0.0,0.0,0.0,0.0,0.0,0.0,0.0,0.0,0.6502716885155008,0.9397382091471694,0.8596368267035697,100,1600,0.0,,,constant,,,0.0,False,False,0.0,0.2233042563235414,50.88232192796687,3554.9475521848244,0.0,1220.6759367586997,2625.2457792786013,-1404.5698425199016,0.4649758686952856,False,False,False,False,0,False,0.0,0.4000000000000001,ground_hx_capacity_insufficient,0.0
0.3,0.51,100,1652137.7972935715,2478206.69593925,2478206.69593925,1652137.7972935715,1652137.7972935715,2478206.69593925,2478206.69593925,25.5,51.809780737611334,35.886061766390355,24.895727743156897,25.0,40.886061766390355,40.886061766390355,427034.2447756643,442851.49927979714,425226.7568422348,258500.96112658273,258500.96112658273,426314.4282378984,267980.71876012464,1764.698737219962,1781.8196044058977,1726.6217002517258,1195.603558148262,1199.3729696944135,1762.2864794922095,1226.030646166097,65.61154447429644,cooling,False,False,True,,False,True,1277.2542122452533,26,,26,26,26,15,14.999999999999977,17.60979519979486,19.147992403843034,16.071597995746686,,,0.0,0.0,0.0,19.246739432867006,0.3207789905477834,1.4999999999993296,True,0.0,0.0,0.0,0.0,0.0,0.0,0.0,0.0,0.6502716885155008,0.9397382091471694,0.8596368267035697,100,1600,0.0,,,constant,,,0.0,False,False,0.0,0.19868497176017572,56.132614811369336,5361.079849449373,0.0,1347.991567033348,2625.2457792786013,-1277.2542122452533,0.5134725204295982,False,False,False,False,0,False,0.0,0.51,ground_hx_capacity_insufficient,0.0
0.3,0.6200000000000001,100,1652137.7972935715,2478206.69593925,2478206.69593925,1652137.7972935715,1652137.7972935715,2478206.69593925,2478206.69593925,25.5,51.809780737611334,35.886061766390355,24.895727743156897,25.0,40.886061766390355,40.886061766390355,427034.2447756643,442851.49927979714,425226.7568422348,258500.96112658273,258500.96112658273,426314.4282378984,267980.71876012464,1764.698737219962,1781.8196044058977,1726.6217002517258,1195.603558148262,1199.3729696944135,1762.2864794922095,1226.030646166097,65.61154447429644,cooling,False,False,True,,False,True,1176.5322330837682,26,,26,26,26,15,15.0,17.431357806025943,18.697259054598987,16.1654565574529,,,0.0,0.0,0.0,19.246739432867006,0.3207789905477834,1.4999999999993296,True,0.0,0.0,0.0,0.0,0.0,0.0,0.0,0.0,0.6502716885155008,0.9397382091471694,0.8596368267035697,100,1600,0.0,,,constant,,,0.0,False,False,0.0,0.1850112522164731,60.33008729876752,7474.072932311012,0.0,1448.713546194833,2625.2457792786013,-1176.5322330837682,0.5518392059249131,False,False,False,False,0,False,0.0,0.6200000000000001,ground_hx_capacity_insufficient,0.0
0.3,0.7300000000000001,100,1652137.7972935715,2478206.69593925,2478206.69593925,1652137.7972935715,1652137.7972935715,2478206.69593925,2478206.69593925,25.5,51.809780737611334,35.886061766390355,24.895727743156897,25.0,40.886061766390355,40.886061766390355,427034.2447756643,442851.49927979714,425226.7568422348,258500.96112658273,258500.96112658273,426314.4282378984,267980.71876012464,1764.698737219962,1781.8196044058977,1726.6217002517258,1195.603558148262,1199.3729696944135,1762.2864794922095,1226.030646166097,65.61154447429644,cooling,False,False,True,,False,True,1094.1889111048263,26,,26,26,26,15,14.99999999999998,17.322683684154242,18.39853602432578,16.246831343982706,,,0.0,0.0,0.0,19.246739432867006,0.3207789905477834,1.4999999999993296,True,0.0,0.0,0.0,0.0,0.0,0.0,0.0,0.0,0.6502716885155008,0.9397382091471694,0.8596368267035697,100,1600,0.0,,,constant,,,0.0,False,False,0.0,0.17662628110681425,63.78459048773604,9880.832796322842,0.0,1531.056868173775,2625.2457792786013,-1094.1889111048263,0.5832051536883143,False,False,False,False,0,False,0.0,0.7300000000000001,ground_hx_capacity_insufficient,0.0
0.3,0.8400000000000001,100,1652137.7972935715,2478206.69593925,2478206.69593925,1652137.7972935715,1652137.7972935715,2478206.69593925,2478206.69593925,25.5,51.809780737611334,35.886061766390355,24.895727743156897,25.0,40.886061766390355,40.886061766390355,427034.2447756643,442851.49927979714,425226.7568422348,258500.96112658273,258500.96112658273,426314.4282378984,267980.71876012464,1764.698737219962,1781.8196044058977,1726.6217002517258,1195.603558148262,1199.3729696944135,1762.2864794922095,1226.030646166097,65.61154447429644,cooling,False,False,True,,False,True,1025.2455273718226,26,,26,26,26,15,15.000000000000018,17.25205545214388,18.187815515279567,16.31629538900819,,,0.0,0.0,0.0,19.246739432867006,0.3207789905477834,1.4999999999993296,True,0.0,0.0,0.0,0.0,0.0,0.0,0.0,0.0,0.6502716885155008,0.9397382091471694,0.8596368267035697,100,1600,0.0,,,constant,,,0.0,False,False,0.0,0.1711102683166176,66.69036080324412,12571.057574173554,0.0,1600.0002519067787,2625.2457792786013,-1025.2455273718226,0.6094668409852457,False,False,False,False,0,False,0.0,0.8400000000000002,ground_hx_capacity_insufficient,0.0
0.3,0.9500000000000001,100,1652137.7972935715,2478206.69593925,2478206.69593925,1652137.7972935715,1652137.7972935715,2478206.69593925,2478206.69593925,25.5,51.809780737611334,35.886061766390355,24.895727743156897,25.0,40.886061766390355,40.886061766390355,427034.2447756643,442851.49927979714,425226.7568422348,258500.96112658273,258500.96112658273,426314.4282378984,267980.71876012464,1764.698737219962,1781.8196044058977,1726.6217002517258,1195.603558148262,1199.3729696944135,1762.2864794922095,1226.030646166097,65.61154447429644,cooling,False,False,True,,False,True,966.4585649754192,26,,26,26,26,15,14.999999999999979,17.20401901100709,18.032307998962835,16.375730023051347,,,0.0,0.0,0.0,19.246739432867006,0.3207789905477834,1.4999999999993296,True,0.0,0.0,0.0,0.0,0.0,0.0,0.0,0.0,0.6502716885155008,0.9397382091471694,0.8596368267035697,100,1600,0.0,,,constant,,,0.0,False,False,0.0,0.1672825453957708,69.17678297793655,15536.329648926243,0.0,1658.787214303182,2625.2457792786013,-966.4585649754192,0.6318597776239468,False,False,False,False,0,False,0.0,0.95,ground_hx_capacity_insufficient,0.0
0.3,1.06,100,1652137.7972935715,2478206.69593925,2478206.69593925,1652137.7972935715,1652137.7972935715,2478206.69593925,2478206.69593925,25.5,51.809780737611334,35.886061766390355,24.895727743156897,25.0,40.886061766390355,40.886061766390355,427034.2447756643,442851.49927979714,425226.7568422348,258500.96112658273,258500.96112658273,426314.4282378984,267980.71876012464,1764.698737219962,1781.8196044058977,1726.6217002517258,1195.603558148262,1199.3729696944135,1762.2864794922095,1226.030646166097,65.61154447429644,cooling,False,False,True,,False,True,915.6044014074841,26,,26,26,26,15,14.99999999999998,17.1703434078255,17.913642504455424,16.427044311195573,,,0.0,0.0,0.0,19.246739432867006,0.3207789905477834,1.4999999999993296,True,0.0,0.0,0.0,0.0,0.0,0.0,0.0,0.0,0.6502716885155008,0.9397382091471694,0.8596368267035697,100,1600,0.0,,,constant,,,0.0,False,False,0.0,0.16451282913096893,71.33405669194161,18769.57981606321,0.0,1709.6413778711171,2625.2457792786013,-915.6044014074841,0.6512309785870466,False,False,False,False,0,False,0.0,1.06,ground_hx_capacity_insufficient,0.0
0.3,1.1700000000000002,100,1652137.7972935715,2478206.69593925,2478206.69593925,1652137.7972935715,1652137.7972935715,2478206.69593925,2478206.69593925,25.5,51.809780737611334,35.886061766390355,24.895727743156897,25.0,40.886061766390355,40.886061766390355,427034.2447756643,442851.49927979714,425226.7568422348,258500.96112658273,258500.96112658273,426314.4282378984,267980.71876012464,1764.698737219962,1781.8196044058977,1726.6217002517258,1195.603558148262,1199.3729696944135,1762.2864794922095,1226.030646166097,65.61154447429644,cooling,False,False,True,,False,True,871.0967520308209,26,,26,26,26,15,14.999999999999982,17.146331164319236,17.820794546913362,16.47186778172511,,,0.0,0.0,0.0,19.246739432867006,0.3207789905477834,1.4999999999993296,True,0.0,0.0,0.0,0.0,0.0,0.0,0.0,0.0,0.6502716885155008,0.9397382091471694,0.8596368267035697,100,1600,0.0,,,constant,,,0.0,False,False,0.0,0.1624401112001453,73.22734536821088,22264.7464228613,0.0,1754.1490272477804,2625.2457792786013,-871.0967520308209,0.6681846862086216,False,False,False,False,0,False,0.0,1.1700000000000002,ground_hx_capacity_insufficient,0.0
0.3,1.2800000000000002,100,1652137.7972935715,2478206.69593925,2478206.69593925,1652137.7972935715,1652137.7972935715,2478206.69593925,2478206.69593925,25.5,51.809780737611334,35.886061766390355,24.895727743156897,25.0,40.886061766390355,40.886061766390355,427034.2447756643,442851.49927979714,425226.7568422348,258500.96112658273,258500.96112658273,426314.4282378984,267980.71876012464,1764.698737219962,1781.8196044058977,1726.6217002517258,1195.603558148262,1199.3729696944135,1762.2864794922095,1226.030646166097,65.61154447429644,cooling,False,False,True,,False,True,831.7675019947258,26,,26,26,26,15,14.999999999999998,17.129150578025587,17.74678006593814,16.511521090113035,,,0.0,0.0,0.0,19.246739432867006,0.3207789905477834,1.4999999999993296,True,0.0,0.0,0.0,0.0,0.0,0.0,0.0,0.0,0.6502716885155008,0.9397382091471694,0.8596368267035697,100,1600,0.0,,,constant,,,0.0,False,False,0.0,0.16084559408691862,74.90510026752347,26016.546090172757,0.0,1793.4782772838755,2625.2457792786013,-831.7675019947258,0.6831658549610964,False,False,False,False,0,False,0.0,1.2800000000000002,ground_hx_capacity_insufficient,0.0
0.3,1.3900000000000001,100,1652137.7972935715,2478206.69593925,2478206.69593925,1652137.7972935715,1652137.7972935715,2478206.69593925,2478206.69593925,25.5,51.809780737611334,35.886061766390355,24.895727743156897,25.0,40.886061766390355,40.886061766390355,427034.2447756643,442851.49927979714,425226.7568422348,258500.96112658273,258500.96112658273,426314.4282378984,267980.71876012464,1764.698737219962,1781.8196044058977,1726.6217002517258,1195.603558148262,1199.3729696944135,1762.2864794922095,1226.030646166097,65.61154447429644,cooling,False,False,True,,False,True,796.7339186844542,26,,26,26,26,15,15.000000000000014,17.117017953098326,17.686977213141347,16.547058693055305,,,0.0,0.0,0.0,19.246739432867006,0.3207789905477834,1.4999999999993296,True,0.0,0.0,0.0,0.0,0.0,0.0,0.0,0.0,0.6502716885155008,0.9397382091471694,0.8596368267035697,100,1600,0.0,,,constant,,,0.0,False,False,0.0,0.15959038096754102,76.40421480627387,30020.312661080978,0.0,1828.511860594147,2625.2457792786013,-796.7339186844542,0.6965107324528711,False,False,False,False,0,False,0.0,1.39,ground_hx_capacity_insufficient,0.0
0.3,1.5,100,1652137.7972935715,2478206.69593925,2478206.69593925,1652137.7972935715,1652137.7972935715,2478206.69593925,2478206.69593925,25.5,51.809780737611334,35.886061766390355,24.895727743156897,25.0,40.886061766390355,40.886061766390355,427034.2447756643,442851.49927979714,425226.7568422348,258500.96112658273,258500.96112658273,426314.4282378984,267980.71876012464,1764.698737219962,1781.8196044058977,1726.6217002517258,1195.603558148262,1199.3729696944135,1762.2864794922095,1226.030646166097,65.61154447429644,cooling,False,False,True,,False,True,765.3144342779849,26,,26,26,26,15,15.000000000000025,17.10876909140177,17.63821598966632,16.579322193137216,,,0.0,0.0,0.0,19.246739432867006,0.3207789905477834,1.4999999999993296,True,0.0,0.0,0.0,0.0,0.0,0.0,0.0,0.0,0.6502716885155008,0.9397382091471694,0.8596368267035697,100,1600,0.0,,,constant,,,0.0,False,False,0.0,0.15858282301514878,77.75335124541795,34271.88008391488,0.0,1859.9313450006164,2625.2457792786013,-765.3144342779849,0.7084789392601984,False,False,False,False,0,False,0.0,1.4999999999999998,ground_hx_capacity_insufficient,0.0
0.4,0.4,100,1652137.7972935715,2478206.69593925,2478206.69593925,1652137.7972935715,1652137.7972935715,2478206.69593925,2478206.69593925,25.5,51.904685189001896,35.886061766390355,24.895727743156897,25.0,40.886061766390355,40.886061766390355,427034.2447756643,442990.0043007887,425226.7568422348,258500.96112658273,258500.96112658273,426314.4282378984,267980.71876012464,1764.698737219962,1782.245764234609,1726.6217002517258,1195.603558148262,1199.3729696944135,1762.2864794922095,1226.030646166097,65.61154447429644,cooling,False,False,True,,False,True,2203.384110723182,26,,26,26,26,15,15.000000000000009,18.912185098231248,21.527976974921955,16.29639322154054,,,0.0,0.0,0.0,25.219856272603575,0.42033093787672626,1.4999999999993296,True,0.0,0.0,0.0,0.0,0.0,0.0,0.0,0.0,0.6446269623132653,0.9562251928830383,0.8749297693252323,100,1600,0.0,,,constant,,,0.0,False,False,0.0,0.2233042563235414,55.05550967651381,3554.9475521848244,0.0,1299.573437927631,3502.957548650813,-2203.384110723182,0.37099320213805337,False,False,False,False,0,False,0.0,0.4000000000000001,ground_hx_capacity_insufficient,0.0
0.4,0.51,100,1652137.7972935715,2478206.69593925,2478206.69593925,1652137.7972935715,1652137.7972935715,2478206.69593925,2478206.69593925,25.5,51.904685189001896,35.886061766390355,24.895727743156897,25.0,40.886061766390355,40.886061766390355,427034.2447756643,442990.0043007887,425226.7568422348,258500.96112658273,258500.96112658273,426314.4282378984,267980.71876012464,1764.698737219962,1782.245764234609,1726.6217002517258,1195.603558148262,1199.3729696944135,1762.2864794922095,1226.030646166097,65.61154447429644,cooling,False,False,True,,False,True,2057.4769739529584,26,,26,26,26,15,15.000000000000018,18.48173589035136,20.533849562793364,16.429622217909355,,,0.0,0.0,0.0,25.219856272603575,0.42033093787672626,1.4999999999993296,True,0.0,0.0,0.0,0.0,0.0,0.0,0.0,0.0,0.6446269623132653,0.9562251928830383,0.8749297693252323,100,1600,0.0,,,constant,,,0.0,False,False,0.0,0.19868497176017572,61.254804355500205,5361.079849449373,0.0,1445.4805746978548,3502.957548650813,-2057.4769739529584,0.41264575851185836,False,False,False,False,0,False,0.0,0.51,ground_hx_capacity_insufficient,0.0
0.4,0.6200000000000001,100,1652137.7972935715,2478206.69593925,2478206.69593925,1652137.7972935715,1652137.7972935715,2478206.69593925,2478206.69593925,25.5,51.904685189001896,35.886061766390355,24.895727743156897,25.0,40.886061766390355,40.886061766390355,427034.2447756643,442990.0043007887,425226.7568422348,258500.96112658273,258500.96112658273,426314.4282378984,267980.71876012464,1764.698737219962,1782.245764234609,1726.6217002517258,1195.603558148262,1199.3729696944135,1762.2864794922095,1226.030646166097,65.61154447429644,cooling,False,False,True,,False,True,1940.6919481131395,26,,26,26,26,15,14.999999999999984,18.243290573709373,19.931929562412847,16.5546515850059,,,0.0,0.0,0.0,25.219856272603575,0.42033093787672626,1.4999999999993296,True,0.0,0.0,0.0,0.0,0.0,0.0,0.0,0.0,0.6446269623132653,0.9562251928830383,0.8749297693252323,100,1600,0.0,,,constant,,,0.0,False,False,0.0,0.1850112522164731,66.28762241247865,7474.072932311012,0.0,1562.2656005376734,3502.957548650813,-1940.6919481131395,0.4459847368516899,False,False,False,False,0,False,0.0,0.6200000000000001,ground_hx_capacity_insufficient,0.0
0.4,0.7300000000000001,100,1652137.7972935715,2478206.69593925,2478206.69593925,1652137.7972935715,1652137.7972935715,2478206.69593925,2478206.69593925,25.5,51.904685189001896,35.886061766390355,24.895727743156897,25.0,40.886061766390355,40.886061766390355,427034.2447756643,442990.0043007887,425226.7568422348,258500.96112658273,258500.96112658273,426314.4282378984,267980.71876012464,1764.698737219962,1782.245764234609,1726.6217002517258,1195.603558148262,1199.3729696944135,1762.2864794922095,1226.030646166097,65.61154447429644,cooling,False,False,True,,False,True,1844.2281507134514,26,,26,26,26,15,14.999999999999982,18.09781851269372,19.532708385578758,16.662928639808683,,,0.0,0.0,0.0,25.219856272603575,0.42033093787672626,1.4999999999993296,True,0.0,0.0,0.0,0.0,0.0,0.0,0.0,0.0,0.6446269623132653,0.9562251928830383,0.8749297693252323,100,1600,0.0,,,constant,,,0.0,False,False,0.0,0.17662628110681425,70.48178445684877,9880.832796322842,0.0,1658.7293979373615,3502.957548650813,-1844.2281507134514,0.47352255198645843,False,False,False,False,0,False,0.0,0.7300000000000001,ground_hx_capacity_insufficient,0.0
0.4,0.8400000000000001,100,1652137.7972935715,2478206.69593925,2478206.69593925,1652137.7972935715,1652137.7972935715,2478206.69593925,2478206.69593925,25.5,51.904685189001896,35.886061766390355,24.895727743156897,25.0,40.886061766390355,40.886061766390355,427034.2447756643,442990.0043007887,425226.7568422348,258500.96112658273,258500.96112658273,426314.4282378984,267980.71876012464,1764.698737219962,1782.245764234609,1726.6217002517258,1195.603558148262,1199.3729696944135,1762.2864794922095,1226.030646166097,65.61154447429644,cooling,False,False,True,,False,True,1762.7247064151243,26,,26,26,26,15,15.000000000000025,18.002982933953547,19.250763710042634,16.75520215786446,,,0.0,0.0,0.0,25.219856272603575,0.42033093787672626,1.4999999999993296,True,0.0,0.0,0.0,0.0,0.0,0.0,0.0,0.0,0.6446269623132653,0.9562251928830383,0.8749297693252323,100,1600,0.0,,,constant,,,0.0,False,False,0.0,0.1711102683166176,74.04683624129748,12571.057574173554,0.0,1740.2328422356886,3502.957548650813,-1762.7247064151243,0.49678958938738804,False,False,False,False,0,False,0.0,0.8400000000000002,ground_hx_capacity_insufficient,0.0
0.4,0.9500000000000001,100,1652137.7972935715,2478206.69593925,2478206.69593925,1652137.7972935715,1652137.7972935715,2478206.69593925,2478206.69593925,25.5,51.904685189001896,35.886061766390355,24.895727743156897,25.0,40.886061766390355,40.886061766390355,427034.2447756643,442990.0043007887,425226.7568422348,258500.96112658273,258500.96112658273,426314.4282378984,267980.71876012464,1764.698737219962,1782.245764234609,1726.6217002517258,1195.603558148262,1199.3729696944135,1762.2864794922095,1226.030646166097,65.61154447429644,cooling,False,False,True,,False,True,1692.6646879349883,26,,26,26,26,15,15.000000000000023,17.938148305529182,19.042329292306874,16.83396731875149,,,0.0,0.0,0.0,25.219856272603575,0.42033093787672626,1.4999999999993296,True,0.0,0.0,0.0,0.0,0.0,0.0,0.0,0.0,0.6446269623132653,0.9562251928830383,0.8749297693252323,100,1600,0.0,,,constant,,,0.0,False,False,0.0,0.1672825453957708,77.12471509494502,15536.329648926243,0.0,1810.2928607158246,3502.957548650813,-1692.6646879349883,0.5167898370372975,False,False,False,False,0,False,0.0,0.95,ground_hx_capacity_insufficient,0.0
0.4,1.06,100,1652137.7972935715,2478206.69593925,2478206.69593925,1652137.7972935715,1652137.7972935715,2478206.69593925,2478206.69593925,25.5,51.904685189001896,35.886061766390355,24.895727743156897,25.0,40.886061766390355,40.886061766390355,427034.2447756643,442990.0043007887,425226.7568422348,258500.96112658273,258500.96112658273,426314.4282378984,267980.71876012464,1764.698737219962,1782.245764234609,1726.6217002517258,1195.603558148262,1199.3729696944135,1762.2864794922095,1226.030646166097,65.61154447429644,cooling,False,False,True,,False,True,1631.6195673342693,26,,26,26,26,15,14.999999999999975,17.892317639530347,18.882878433217684,16.90175684584301,,,0.0,0.0,0.0,25.219856272603575,0.42033093787672626,1.4999999999993296,True,0.0,0.0,0.0,0.0,0.0,0.0,0.0,0.0,0.6446269623132653,0.9562251928830383,0.8749297693252323,100,1600,0.0,,,constant,,,0.0,False,False,0.0,0.16451282913096893,79.81581930901554,18769.57981606321,0.0,1871.3379813165436,3502.957548650813,-1631.6195673342693,0.5342165742309101,False,False,False,False,0,False,0.0,1.06,ground_hx_capacity_insufficient,0.0
0.4,1.1700000000000002,100,1652137.7972935715,2478206.69593925,2478206.69593925,1652137.7972935715,1652137.7972935715,2478206.69593925,2478206.69593925,25.5,51.904685189001896,35.886061766390355,24.895727743156897,25.0,40.886061766390355,40.886061766390355,427034.2447756643,442990.0043007887,425226.7568422348,258500.96112658273,258500.96112658273,426314.4282378984,267980.71876012464,1764.698737219962,1782.245764234609,1726.6217002517258,1195.603558148262,1199.3729696944135,1762.2864794922095,1226.030646166097,65.61154447429644,cooling,False,False,True,,False,True,1577.8441724447212,26,,26,26,26,15,15.000000000000016,17.85920915141176,18.757687404844205,16.960730897979317,,,0.0,0.0,0.0,25.219856272603575,0.42033093787672626,1.4999999999993296,True,0.0,0.0,0.0,0.0,0.0,0.0,0.0,0.0,0.6446269623132653,0.9562251928830383,0.8749297693252323,100,1600,0.0,,,constant,,,0.0,False,False,0.0,0.1624401112001453,82.19361018797761,22264.7464228613,0.0,1925.1133762060917,3502.957548650813,-1577.8441724447212,0.5495680006021089,False,False,False,False,0,False,0.0,1.1700000000000002,ground_hx_capacity_insufficient,0.0
0.4,1.2800000000000002,100,1652137.7972935715,2478206.69593925,2478206.69593925,1652137.7972935715,1652137.7972935715,2478206.69593925,2478206.69593925,25.5,51.904685189001896,35.886061766390355,24.895727743156897,25.0,40.886061766390355,40.886061766390355,427034.2447756643,442990.0043007887,425226.7568422348,258500.96112658273,258500.96112658273,426314.4282378984,267980.71876012464,1764.698737219962,1782.245764234609,1726.6217002517258,1195.603558148262,1199.3729696944135,1762.2864794922095,1226.030646166097,65.61154447429644,cooling,False,False,True,,False,True,1530.044069033691,26,,26,26,26,15,14.999999999999972,17.83503093293433,18.65742401372256,17.0126378521461,,,0.0,0.0,0.0,25.219856272603575,0.42033093787672626,1.4999999999993296,True,0.0,0.0,0.0,0.0,0.0,0.0,0.0,0.0,0.6446269623132653,0.9562251928830383,0.8749297693252323,100,1600,0.0,,,constant,,,0.0,False,False,0.0,0.16084559408691862,84.31332837439852,26016.546090172757,0.0,1972.913479617122,3502.957548650813,-1530.044069033691,0.5632136422483917,False,False,False,False,0,False,0.0,1.2800000000000002,ground_hx_capacity_insufficient,0.0
0.4,1.3900000000000001,100,1652137.7972935715,2478206.69593925,2478206.69593925,1652137.7972935715,1652137.7972935715,2478206.69593925,2478206.69593925,25.5,51.904685189001896,35.886061766390355,24.895727743156897,25.0,40.886061766390355,40.886061766390355,427034.2447756643,442990.0043007887,425226.7568422348,258500.96112658273,258500.96112658273,426314.4282378984,267980.71876012464,1764.698737219962,1782.245764234609,1726.6217002517258,1195.603558148262,1199.3729696944135,1762.2864794922095,1226.030646166097,65.61154447429644,cooling,False,False,True,,False,True,1487.2341843713498,26,,26,26,26,15,15.000000000000002,17.817389731367342,18.575908271180765,17.05887119155392,,,0.0,0.0,0.0,25.219856272603575,0.42033093787672626,1.4999999999993296,True,0.0,0.0,0.0,0.0,0.0,0.0,0.0,0.0,0.6446269623132653,0.9562251928830383,0.8749297693252323,100,1600,0.0,,,constant,,,0.0,False,False,0.0,0.15959038096754102,86.21746269625751,30020.312661080978,0.0,2015.723364279463,3502.957548650813,-1487.2341843713498,0.5754347108933228,False,False,False,False,0,False,0.0,1.39,ground_hx_capacity_insufficient,0.0
0.4,1.5,100,1652137.7972935715,2478206.69593925,2478206.69593925,1652137.7972935715,1652137.7972935715,2478206.69593925,2478206.69593925,25.5,51.904685189001896,35.886061766390355,24.895727743156897,25.0,40.886061766390355,40.886061766390355,427034.2447756643,442990.0043007887,425226.7568422348,258500.96112658273,258500.96112658273,426314.4282378984,267980.71876012464,1764.698737219962,1782.245764234609,1726.6217002517258,1195.603558148262,1199.3729696944135,1762.2864794922095,1226.030646166097,65.61154447429644,cooling,False,False,True,,False,True,1448.648802181679,26,,26,26,26,15,15.000000000000043,17.804719142305117,18.5088976398236,17.100540644786633,,,0.0,0.0,0.0,25.219856272603575,0.42033093787672626,1.4999999999993296,True,0.0,0.0,0.0,0.0,0.0,0.0,0.0,0.0,0.6446269623132653,0.9562251928830383,0.8749297693252323,100,1600,0.0,,,constant,,,0.0,False,False,0.0,0.15858282301514878,87.93932251784385,34271.88008391488,0.0,2054.308746469134,3502.957548650813,-1448.648802181679,0.5864497979030218,False,False,False,False,0,False,0.0,1.4999999999999998,ground_hx_capacity_insufficient,0.0
0.5,0.4,100,1652137.7972935715,2478206.69593925,2478206.69593925,1652137.7972935715,1652137.7972935715,2478206.69593925,2478206.69593925,25.5,51.96588914955902,35.886061766390355,24.895727743156897,25.0,40.886061766390355,40.886061766390355,427034.2447756643,443079.22298790683,425226.7568422348,258500.96112658273,258500.96112658273,426314.4282378984,267980.71876012464,1764.698737219962,1782.5202112556522,1726.6217002517258,1195.603558148262,1199.3729696944135,1762.2864794922095,1226.030646166097,65.61154447429644,cooling,False,False,True,,False,True,3031.320747083828,26,,26,26,26,15,15.000000000000028,19.892331031535008,23.163474765546198,16.621187297523818,,,0.0,0.0,0.0,31.192973112340155,0.5198828852056693,1.4999999999993296,True,0.0,0.0,0.0,0.0,0.0,0.0,0.0,0.0,0.6410424905553249,0.9663980186298938,0.8846403044770379,100,1600,0.0,,,constant,,,0.0,False,False,0.0,0.2233042563235414,58.064071876951566,3554.9475521848244,0.0,1349.4937214849153,4380.814468568743,-3031.320747083828,0.30804630763690133,False,False,False,False,0,False,0.0,0.4000000000000001,ground_hx_capacity_insufficient,0.0
0.5,0.51,100,1652137.7972935715,2478206.69593925,2478206.69593925,1652137.7972935715,1652137.7972935715,2478206.69593925,2478206.69593925,25.5,51.96588914955902,35.886061766390355,24.895727743156897,25.0,40.886061766390355,40.886061766390355,427034.2447756643,443079.22298790683,425226.7568422348,258500.96112658273,258500.96112658273,426314.4282378984,267980.71876012464,1764.698737219962,1782.5202112556522,1726.6217002517258,1195.603558148262,1199.3729696944135,1762.2864794922095,1226.030646166097,65.61154447429644,cooling,False,False,True,,False,True,2872.638624007136,26,,26,26,26,15,14.999999999999979,19.353820777068165,21.919935906232126,16.787705647904204,,,0.0,0.0,0.0,31.192973112340155,0.5198828852056693,1.4999999999993296,True,0.0,0.0,0.0,0.0,0.0,0.0,0.0,0.0,0.6410424905553249,0.9663980186298938,0.8846403044770379,100,1600,0.0,,,constant,,,0.0,False,False,0.0,0.19868497176017572,65.00210279316404,5361.079849449373,0.0,1508.1758445616067,4380.814468568743,-2872.638624007136,0.3442683673053023,False,False,False,False,0,False,0.0,0.51,ground_hx_capacity_insufficient,0.0
0.5,0.6200000000000001,100,1652137.7972935715,2478206.69593925,2478206.69593925,1652137.7972935715,1652137.7972935715,2478206.69593925,2478206.69593925,25.5,51.96588914955902,35.886061766390355,24.895727743156897,25.0,40.886061766390355,40.886061766390355,427034.2447756643,443079.22298790683,425226.7568422348,258500.96112658273,258500.96112658273,426314.4282378984,267980.71876012464,1764.698737219962,1782.5202112556522,1726.6217002517258,1195.603558148262,1199.3729696944135,1762.2864794922095,1226.030646166097,65.61154447429644,cooling,False,False,True,,False,True,2744.7021156097,26,,26,26,26,15,14.999999999999975,19.055357613813925,21.166804252401562,16.943910975226288,,,0.0,0.0,0.0,31.192973112340155,0.5198828852056693,1.4999999999993296,True,0.0,0.0,0.0,0.0,0.0,0.0,0.0,0.0,0.6410424905553249,0.9663980186298938,0.8846403044770379,100,1600,0.0,,,constant,,,0.0,False,False,0.0,0.1850112522164731,70.69815723022371,7474.072932311012,0.0,1636.112352959043,4380.814468568743,-2744.7021156097,0.37347218529744713,False,False,False,False,0,False,0.0,0.6200000000000001,ground_hx_capacity_insufficient,0.0
0.5,0.7300000000000001,100,1652137.7972935715,2478206.69593925,2478206.69593925,1652137.7972935715,1652137.7972935715,2478206.69593925,2478206.69593925,25.5,51.96588914955902,35.886061766390355,24.895727743156897,25.0,40.886061766390355,40.886061766390355,427034.2447756643,443079.22298790683,425226.7568422348,258500.96112658273,258500.96112658273,426314.4282378984,267980.71876012464,1764.698737219962,1782.5202112556522,1726.6217002517258,1195.603558148262,1199.3729696944135,1762.2864794922095,1226.030646166097,65.61154447429644,cooling,False,False,True,,False,True,2638.3048548515,26,,26,26,26,15,15.000000000000014,18.873081528238686,20.66706830924454,17.07909474723283,,,0.0,0.0,0.0,31.192973112340155,0.5198828852056693,1.4999999999993296,True,0.0,0.0,0.0,0.0,0.0,0.0,0.0,0.0,0.6410424905553249,0.9663980186298938,0.8846403044770379,100,1600,0.0,,,constant,,,0.0,False,False,0.0,0.17662628110681425,75.48918517701135,9880.832796322842,0.0,1742.5096137172432,4380.814468568743,-2638.3048548515,0.3977592811152623,False,False,False,False,0,False,0.0,0.7300000000000001,ground_hx_capacity_insufficient,0.0
0.5,0.8400000000000001,100,1652137.7972935715,2478206.69593925,2478206.69593925,1652137.7972935715,1652137.7972935715,2478206.69593925,2478206.69593925,25.5,51.96588914955902,35.886061766390355,24.895727743156897,25.0,40.886061766390355,40.886061766390355,427034.2447756643,443079.22298790683,425226.7568422348,258500.96112658273,258500.96112658273,426314.4282378984,267980.71876012464,1764.698737219962,1782.5202112556522,1726.6217002517258,1195.603558148262,1199.3729696944135,1762.2864794922095,1226.030646166097,65.61154447429644,cooling,False,False,True,,False,True,2547.8451648438577,26,,26,26,26,15,14.999999999999961,18.754034599507264,20.313887688606087,17.19418151040844,,,0.0,0.0,0.0,31.192973112340155,0.5198828852056693,1.4999999999993296,True,0.0,0.0,0.0,0.0,0.0,0.0,0.0,0.0,0.6410424905553249,0.9663980186298938,0.8846403044770379,100,1600,0.0,,,constant,,,0.0,False,False,0.0,0.1711102683166176,79.59354103667626,12571.057574173554,0.0,1832.969303724885,4380.814468568743,-2547.8451648438577,0.4184083386493505,False,False,False,False,0,False,0.0,0.8400000000000002,ground_hx_capacity_insufficient,0.0
0.5,0.9500000000000001,100,1652137.7972935715,2478206.69593925,2478206.69593925,1652137.7972935715,1652137.7972935715,2478206.69593925,2478206.69593925,25.5,51.96588914955902,35.886061766390355,24.895727743156897,25.0,40.886061766390355,40.886061766390355,427034.2447756643,443079.22298790683,425226.7568422348,258500.96112658273,258500.96112658273,426314.4282378984,267980.71876012464,1764.698737219962,1782.5202112556522,1726.6217002517258,1195.603558148262,1199.3729696944135,1762.2864794922095,1226.030646166097,65.61154447429644,cooling,False,False,True,,False,True,2469.6418955218983,26,,26,26,26,15,14.99999999999998,18.672399005814952,20.052517616727584,17.29228039490232,,,0.0,0.0,0.0,31.192973112340155,0.5198828852056693,1.4999999999993296,True,0.0,0.0,0.0,0.0,0.0,0.0,0.0,0.0,0.6410424905553249,0.9663980186298938,0.8846403044770379,100,1600,0.0,,,constant,,,0.0,False,False,0.0,0.1672825453957708,83.16091404781395,15536.329648926243,0.0,1911.1725730468447,4380.814468568743,-2469.6418955218983,0.4362596468668175,False,False,False,False,0,False,0.0,0.95,ground_hx_capacity_insufficient,0.0
0.5,1.06,100,1652137.7972935715,2478206.69593925,2478206.69593925,1652137.7972935715,1652137.7972935715,2478206.69593925,2478206.69593925,25.5,51.96588914955902,35.886061766390355,24.895727743156897,25.0,40.886061766390355,40.886061766390355,427034.2447756643,443079.22298790683,425226.7568422348,258500.96112658273,258500.96112658273,426314.4282378984,267980.71876012464,1764.698737219962,1782.5202112556522,1726.6217002517258,1195.603558148262,1199.3729696944135,1762.2864794922095,1226.030646166097,65.61154447429644,cooling,False,False,True,,False,True,2401.146245709322,26,,26,26,26,15,14.999999999999979,18.614411266869837,19.85227464822526,17.376547885514412,,,0.0,0.0,0.0,31.192973112340155,0.5198828852056693,1.4999999999993296,True,0.0,0.0,0.0,0.0,0.0,0.0,0.0,0.0,0.6410424905553249,0.9663980186298938,0.8846403044770379,100,1600,0.0,,,constant,,,0.0,False,False,0.0,0.16451282913096893,86.29831135481423,18769.57981606321,0.0,1979.6682228594211,4380.814468568743,-2401.146245709322,0.4518950156558899,False,False,False,False,0,False,0.0,1.06,ground_hx_capacity_insufficient,0.0
0.5,1.1700000000000002,100,1652137.7972935715,2478206.69593925,2478206.69593925,1652137.7972935715,1652137.7972935715,2478206.69593925,2478206.69593925,25.5,51.96588914955902,35.886061766390355,24.895727743156897,25.0,40.886061766390355,40.886061766390355,427034.2447756643,443079.22298790683,425226.7568422348,258500.96112658273,258500.96112658273,426314.4282378984,267980.71876012464,1764.698737219962,1782.5202112556522,1726.6217002517258,1195.603558148262,1199.3729696944135,1762.2864794922095,1226.030646166097,65.61154447429644,cooling,False,False,True,,False,True,2340.520309706356,26,,26,26,26,15,15.000000000000023,18.572205029858196,19.694735200323294,17.4496748593931,,,0.0,0.0,0.0,31.192973112340155,0.5198828852056693,1.4999999999993296,True,0.0,0.0,0.0,0.0,0.0,0.0,0.0,0.0,0.6410424905553249,0.9663980186298938,0.8846403044770379,100,1600,0.0,,,constant,,,0.0,False,False,0.0,0.1624401112001453,89.08476856450166,22264.7464228613,0.0,2040.294158862387,4380.814468568743,-2340.520309706356,0.46573398017674367,False,False,False,False,0,False,0.0,1.1700000000000002,ground_hx_capacity_insufficient,0.0
0.5,1.2800000000000002,100,1652137.7972935715,2478206.69593925,2478206.69593925,1652137.7972935715,1652137.7972935715,2478206.69593925,2478206.69593925,25.5,51.96588914955902,35.886061766390355,24.895727743156897,25.0,40.886061766390355,40.886061766390355,427034.2447756643,443079.22298790683,425226.7568422348,258500.96112658273,258500.96112658273,426314.4282378984,267980.71876012464,1764.698737219962,1782.5202112556522,1726.6217002517258,1195.603558148262,1199.3729696944135,1762.2864794922095,1226.030646166097,65.61154447429644,cooling,False,False,True,,False,True,2286.3955696421076,26,,26,26,26,15,14.999999999999979,18.541028021971897,19.56821855817276,17.513837485771035,,,0.0,0.0,0.0,31.192973112340155,0.5198828852056693,1.4999999999993296,True,0.0,0.0,0.0,0.0,0.0,0.0,0.0,0.0,0.6410424905553249,0.9663980186298938,0.8846403044770379,100,1600,0.0,,,constant,,,0.0,False,False,0.0,0.16084559408691862,91.58021912431416,26016.546090172757,0.0,2094.4188989266354,4380.814468568743,-2286.3955696421076,0.4780889293426077,False,False,False,False,0,False,0.0,1.2800000000000002,ground_hx_capacity_insufficient,0.0
0.5,1.3900000000000001,100,1652137.7972935715,2478206.69593925,2478206.69593925,1652137.7972935715,1652137.7972935715,2478206.69593925,2478206.69593925,25.5,51.96588914955902,35.886061766390355,24.895727743156897,25.0,40.886061766390355,40.886061766390355,427034.2447756643,443079.22298790683,425226.7568422348,258500.96112658273,258500.96112658273,426314.4282378984,267980.71876012464,1764.698737219962,1782.5202112556522,1726.6217002517258,1195.603558148262,1199.3729696944135,1762.2864794922095,1226.030646166097,65.61154447429644,cooling,False,False,True,,False,True,2237.7262907005743,26,,26,26,26,15,15.000000000000004,18.517877332790817,19.4649863351425,17.570768330439137,,,0.0,0.0,0.0,31.192973112340155,0.5198828852056693,1.4999999999993296,True,0.0,0.0,0.0,0.0,0.0,0.0,0.0,0.0,0.6410424905553249,0.9663980186298938,0.8846403044770379,100,1600,0.0,,,constant,,,0.0,False,False,0.0,0.15959038096754102,93.83111106764866,30020.312661080978,0.0,2143.0881778681687,4380.814468568743,-2237.7262907005743,0.48919857100644065,False,False,False,False,0,False,0.0,1.39,ground_hx_capacity_insufficient,0.0
0.5,1.5,100,1652137.7972935715,2478206.69593925,2478206.69593925,1652137.7972935715,1652137.7972935715,2478206.69593925,2478206.69593925,25.5,51.96588914955902,35.886061766390355,24.895727743156897,25.0,40.886061766390355,40.886061766390355,427034.2447756643,443079.22298790683,425226.7568422348,258500.96112658273,258500.96112658273,426314.4282378984,267980.71876012464,1764.698737219962,1782.5202112556522,1726.6217002517258,1195.603558148262,1199.3729696944135,1762.2864794922095,1226.030646166097,65.61154447429644,cooling,False,False,True,,False,True,2193.6962015218887,26,,26,26,26,15,15.000000000000004,18.500784285124922,19.37972327792886,17.621845292320984,,,0.0,0.0,0.0,31.192973112340155,0.5198828852056693,1.4999999999993296,True,0.0,0.0,0.0,0.0,0.0,0.0,0.0,0.0,0.6410424905553249,0.9663980186298938,0.8846403044770379,100,1600,0.0,,,constant,,,0.0,False,False,0.0,0.15858282301514878,95.87410761363068,34271.88008391488,0.0,2187.1182670468543,4380.814468568743,-2193.6962015218887,0.4992492338442738,False,False,False,False,0,False,0.0,1.4999999999999998,ground_hx_capacity_insufficient,0.0
0.6,0.4,100,1652137.7972935715,2478206.69593925,2478206.69593925,1652137.7972935715,1652137.7972935715,2478206.69593925,2478206.69593925,25.5,52.00860817453281,35.886061766390355,24.895727743156897,25.0,40.886061766390355,40.886061766390355,427034.2447756643,443141.44793196284,425226.7568422348,258500.96112658273,258500.96112658273,426314.4282378984,267980.71876012464,1764.698737219962,1782.7115918028824,1726.6217002517258,1195.603558148262,1199.3729696944135,1762.2864794922095,1226.030646166097,65.61154447429644,cooling,False,False,True,,False,True,3877.1341050311958,26,,26,26,26,15,15.000000000000018,20.872564280976064,24.799118254218854,16.946010307733275,,,0.0,0.0,0.0,37.166089952076725,0.6194348325346121,1.4999999999993296,True,0.0,0.0,0.0,0.0,0.0,0.0,0.0,0.0,0.6385660312516658,0.9733010101351276,0.8913532879115077,100,1600,0.0,,,constant,,,0.0,False,False,0.0,0.2233042563235414,60.354372640144746,3554.9475521848244,0.0,1381.615487193072,5258.749592224268,-3877.1341050311958,0.26272699678189027,False,False,False,False,0,False,0.0,0.4000000000000001,ground_hx_capacity_insufficient,0.0
0.6,0.51,100,1652137.7972935715,2478206.69593925,2478206.69593925,1652137.7972935715,1652137.7972935715,2478206.69593925,2478206.69593925,25.5,52.00860817453281,35.886061766390355,24.895727743156897,25.0,40.886061766390355,40.886061766390355,427034.2447756643,443141.44793196284,425226.7568422348,258500.96112658273,258500.96112658273,426314.4282378984,267980.71876012464,1764.698737219962,1782.7115918028824,1726.6217002517258,1195.603558148262,1199.3729696944135,1762.2864794922095,1226.030646166097,65.61154447429644,cooling,False,False,True,,False,True,3709.653843086706,26,,26,26,26,15,15.000000000000043,20.22598335332205,23.30614572894217,17.14582097770193,,,0.0,0.0,0.0,37.166089952076725,0.6194348325346121,1.4999999999993296,True,0.0,0.0,0.0,0.0,0.0,0.0,0.0,0.0,0.6385660312516658,0.9733010101351276,0.8913532879115077,100,1600,0.0,,,constant,,,0.0,False,False,0.0,0.19868497176017572,67.88602870354711,5361.079849449373,0.0,1549.095749137562,5258.749592224268,-3709.653843086706,0.2945749216559195,False,False,False,False,0,False,0.0,0.51,ground_hx_capacity_insufficient,0.0
0.6,0.6200000000000001,100,1652137.7972935715,2478206.69593925,2478206.69593925,1652137.7972935715,1652137.7972935715,2478206.69593925,2478206.69593925,25.5,52.00860817453281,35.886061766390355,24.895727743156897,25.0,40.886061766390355,40.886061766390355,427034.2447756643,443141.44793196284,425226.7568422348,258500.96112658273,258500.96112658273,426314.4282378984,267980.71876012464,1764.698737219962,1782.7115918028824,1726.6217002517258,1195.603558148262,1199.3729696944135,1762.2864794922095,1226.030646166097,65.61154447429644,cooling,False,False,True,,False,True,3574.0233219755,26,,26,26,26,15,15.000000000000043,19.867496996775657,22.401788950996604,17.33320504255471,,,0.0,0.0,0.0,37.166089952076725,0.6194348325346121,1.4999999999993296,True,0.0,0.0,0.0,0.0,0.0,0.0,0.0,0.0,0.6385660312516658,0.9733010101351276,0.8913532879115077,100,1600,0.0,,,constant,,,0.0,False,False,0.0,0.1850112522164731,74.12297299054468,7474.072932311012,0.0,1684.726270248768,5258.749592224268,-3574.0233219755,0.32036632296389445,False,False,False,False,0,False,0.0,0.6200000000000001,ground_hx_capacity_insufficient,0.0
0.6,0.7300000000000001,100,1652137.7972935715,2478206.69593925,2478206.69593925,1652137.7972935715,1652137.7972935715,2478206.69593925,2478206.69593925,25.5,52.00860817453281,35.886061766390355,24.895727743156897,25.0,40.886061766390355,40.886061766390355,427034.2447756643,443141.44793196284,425226.7568422348,258500.96112658273,258500.96112658273,426314.4282378984,267980.71876012464,1764.698737219962,1782.7115918028824,1726.6217002517258,1195.603558148262,1199.3729696944135,1762.2864794922095,1226.030646166097,65.61154447429644,cooling,False,False,True,,False,True,3460.713442386852,26,,26,26,26,15,15.000000000000046,19.64841360796035,21.8015292871753,17.4952979287454,,,0.0,0.0,0.0,37.166089952076725,0.6194348325346121,1.4999999999993296,True,0.0,0.0,0.0,0.0,0.0,0.0,0.0,0.0,0.6385660312516658,0.9733010101351276,0.8913532879115077,100,1600,0.0,,,constant,,,0.0,False,False,0.0,0.17662628110681425,79.40677141628926,9880.832796322842,0.0,1798.0361498374157,5258.749592224268,-3460.713442386852,0.341913247304272,False,False,False,False,0,False,0.0,0.7300000000000001,ground_hx_capacity_insufficient,0.0
0.6,0.8400000000000001,100,1652137.7972935715,2478206.69593925,2478206.69593925,1652137.7972935715,1652137.7972935715,2478206.69593925,2478206.69593925,25.5,52.00860817453281,35.886061766390355,24.895727743156897,25.0,40.886061766390355,40.886061766390355,427034.2447756643,443141.44793196284,425226.7568422348,258500.96112658273,258500.96112658273,426314.4282378984,267980.71876012464,1764.698737219962,1782.7115918028824,1726.6217002517258,1195.603558148262,1199.3729696944135,1762.2864794922095,1226.030646166097,65.61154447429644,cooling,False,False,True,,False,True,3363.953338074045,26,,26,26,26,15,15.000000000000021,19.505153172373724,21.377106375392373,17.633199969355076,,,0.0,0.0,0.0,37.166089952076725,0.6194348325346121,1.4999999999993296,True,0.0,0.0,0.0,0.0,0.0,0.0,0.0,0.0,0.6385660312516658,0.9733010101351276,0.8913532879115077,100,1600,0.0,,,constant,,,0.0,False,False,0.0,0.1711102683166176,83.96103060824203,12571.057574173554,0.0,1894.796254150223,5258.749592224268,-3363.953338074045,0.3603130784078255,False,False,False,False,0,False,0.0,0.8400000000000002,ground_hx_capacity_insufficient,0.0
0.6,0.9500000000000001,100,1652137.7972935715,2478206.69593925,2478206.69593925,1652137.7972935715,1652137.7972935715,2478206.69593925,2478206.69593925,25.5,52.00860817453281,35.886061766390355,24.895727743156897,25.0,40.886061766390355,40.886061766390355,427034.2447756643,443141.44793196284,425226.7568422348,258500.96112658273,258500.96112658273,426314.4282378984,267980.71876012464,1764.698737219962,1782.7115918028824,1726.6217002517258,1195.603558148262,1199.3729696944135,1762.2864794922095,1226.030646166097,65.61154447429644,cooling,False,False,True,,False,True,3279.956644664716,26,,26,26,26,15,14.999999999999995,19.406715116702202,21.062795933607106,17.750634299797298,,,0.0,0.0,0.0,37.166089952076725,0.6194348325346121,1.4999999999993296,True,0.0,0.0,0.0,0.0,0.0,0.0,0.0,0.0,0.6385660312516658,0.9733010101351276,0.8913532879115077,100,1600,0.0,,,constant,,,0.0,False,False,0.0,0.1672825453957708,87.94043247796827,15536.329648926243,0.0,1978.7929475595517,5258.749592224268,-3279.956644664716,0.3762858285713869,False,False,False,False,0,False,0.0,0.95,ground_hx_capacity_insufficient,0.0
0.6,1.06,100,1652137.7972935715,2478206.69593925,2478206.69593925,1652137.7972935715,1652137.7972935715,2478206.69593925,2478206.69593925,25.5,52.00860817453281,35.886061766390355,24.895727743156897,25.0,40.886061766390355,40.886061766390355,427034.2447756643,443141.44793196284,425226.7568422348,258500.96112658273,258500.96112658273,426314.4282378984,267980.71876012464,1764.698737219962,1782.7115918028824,1726.6217002517258,1195.603558148262,1199.3729696944135,1762.2864794922095,1226.030646166097,65.61154447429644,cooling,False,False,True,,False,True,3206.102271553096,26,,26,26,26,15,14.999999999999973,19.33656922179992,20.82175722173332,17.851381221866518,,,0.0,0.0,0.0,37.166089952076725,0.6194348325346121,1.4999999999993296,True,0.0,0.0,0.0,0.0,0.0,0.0,0.0,0.0,0.6385660312516658,0.9733010101351276,0.8913532879115077,100,1600,0.0,,,constant,,,0.0,False,False,0.0,0.16451282913096893,91.4564489357875,18769.57981606321,0.0,2052.6473206711717,5258.749592224268,-3206.102271553096,0.39032992247934234,False,False,False,False,0,False,0.0,1.06,ground_hx_capacity_insufficient,0.0
0.6,1.1700000000000002,100,1652137.7972935715,2478206.69593925,2478206.69593925,1652137.7972935715,1652137.7972935715,2478206.69593925,2478206.69593925,25.5,52.00860817453281,35.886061766390355,24.895727743156897,25.0,40.886061766390355,40.886061766390355,427034.2447756643,443141.44793196284,425226.7568422348,258500.96112658273,258500.96112658273,426314.4282378984,267980.71876012464,1764.698737219962,1782.7115918028824,1726.6217002517258,1195.603558148262,1199.3729696944135,1762.2864794922095,1226.030646166097,65.61154447429644,cooling,False,False,True,,False,True,3140.498536996317,26,,26,26,26,15,14.99999999999999,19.285264425423748,20.631866472549234,17.93866237829826,,,0.0,0.0,0.0,37.166089952076725,0.6194348325346121,1.4999999999993296,True,0.0,0.0,0.0,0.0,0.0,0.0,0.0,0.0,0.6385660312516658,0.9733010101351276,0.8913532879115077,100,1600,0.0,,,constant,,,0.0,False,False,0.0,0.1624401112001453,94.59201112012967,22264.7464228613,0.0,2118.251055227951,5258.749592224268,-3140.498536996317,0.40280508095689804,False,False,False,False,0,False,0.0,1.1700000000000002,ground_hx_capacity_insufficient,0.0
0.6,1.2800000000000002,100,1652137.7972935715,2478206.69593925,2478206.69593925,1652137.7972935715,1652137.7972935715,2478206.69593925,2478206.69593925,25.5,52.00860817453281,35.886061766390355,24.895727743156897,25.0,40.886061766390355,40.886061766390355,427034.2447756643,443141.44793196284,425226.7568422348,258500.96112658273,258500.96112658273,426314.4282378984,267980.71876012464,1764.698737219962,1782.7115918028824,1726.6217002517258,1195.603558148262,1199.3729696944135,1762.2864794922095,1226.030646166097,65.61154447429644,cooling,False,False,True,,False,True,3081.7345787139952,26,,26,26,26,15,15.000000000000004,19.24708800464265,20.479094240603388,18.01508176868191,,,0.0,0.0,0.0,37.166089952076725,0.6194348325346121,1.4999999999993296,True,0.0,0.0,0.0,0.0,0.0,0.0,0.0,0.0,0.6385660312516658,0.9733010101351276,0.8913532879115077,100,1600,0.0,,,constant,,,0.0,False,False,0.0,0.16084559408691862,97.41041807577092,26016.546090172757,0.0,2177.0150135102726,5258.749592224268,-3081.7345787139952,0.4139795925497702,False,False,False,False,0,False,0.0,1.2800000000000002,ground_hx_capacity_insufficient,0.0
0.6,1.3900000000000001,100,1652137.7972935715,2478206.69593925,2478206.69593925,1652137.7972935715,1652137.7972935715,2478206.69593925,2478206.69593925,25.5,52.00860817453281,35.886061766390355,24.895727743156897,25.0,40.886061766390355,40.886061766390355,427034.2447756643,443141.44793196284,425226.7568422348,258500.96112658273,258500.96112658273,426314.4282378984,267980.71876012464,1764.698737219962,1782.7115918028824,1726.6217002517258,1195.603558148262,1199.3729696944135,1762.2864794922095,1226.030646166097,65.61154447429644,cooling,False,False,True,,False,True,3028.7300061628134,26,,26,26,26,15,15.000000000000039,19.218427337035706,20.35414360247563,18.08271107159578,,,0.0,0.0,0.0,37.166089952076725,0.6194348325346121,1.4999999999993296,True,0.0,0.0,0.0,0.0,0.0,0.0,0.0,0.0,0.6385660312516658,0.9733010101351276,0.8913532879115077,100,1600,0.0,,,constant,,,0.0,False,False,0.0,0.15959038096754102,99.96101706362775,30020.312661080978,0.0,2230.0195860614544,5258.749592224268,-3028.7300061628134,0.4240589035383664,False,False,False,False,0,False,0.0,1.39,ground_hx_capacity_insufficient,0.0
0.6,1.5,100,1652137.7972935715,2478206.69593925,2478206.69593925,1652137.7972935715,1652137.7972935715,2478206.69593925,2478206.69593925,25.5,52.00860817453281,35.886061766390355,24.895727743156897,25.0,40.886061766390355,40.886061766390355,427034.2447756643,443141.44793196284,425226.7568422348,258500.96112658273,258500.96112658273,426314.4282378984,267980.71876012464,1764.698737219962,1782.7115918028824,1726.6217002517258,1195.603558148262,1199.3729696944135,1762.2864794922095,1226.030646166097,65.61154447429644,cooling,False,False,True,,False,True,2980.639443419158,26,,26,26,26,15,15.000000000000039,19.196911436792192,20.250626493391223,18.14319638019316,,,0.0,0.0,0.0,37.166089952076725,0.6194348325346121,1.4999999999993296,True,0.0,0.0,0.0,0.0,0.0,0.0,0.0,0.0,0.6385660312516658,0.9733010101351276,0.8913532879115077,100,1600,0.0,,,constant,,,0.0,False,False,0.0,0.15858282301514878,102.28297012327624,34271.88008391488,0.0,2278.11014880511,5258.749592224268,-2980.639443419158,0.43320376999383775,False,False,False,False,0,False,0.0,1.4999999999999998,ground_hx_capacity_insufficient,0.0
0.7,0.4,100,1652137.7972935715,2478206.69593925,2478206.69593925,1652137.7972935715,1652137.7972935715,2478206.69593925,2478206.69593925,25.5,52.04010867168887,35.886061766390355,24.895727743156897,25.0,40.886061766390355,40.886061766390355,427034.2447756643,443187.3068078188,425226.7568422348,258500.96112658273,258500.96112658273,426314.4282378984,267980.71876012464,1764.698737219962,1782.8526203768633,1726.6217002517258,1195.603558148262,1199.3729696944135,1762.2864794922095,1226.030646166097,65.61154447429644,cooling,False,False,True,,False,True,4734.822679632364,26,,26,26,26,15,14.999999999999986,21.852849933143688,26.43484918348645,17.270850682800926,,,0.0,0.0,0.0,43.1392067918133,0.718986779863555,1.4999999999993296,True,0.0,0.0,0.0,0.0,0.0,0.0,0.0,0.0,0.6367531291347349,0.9782924053051085,0.8962711106082979,100,1600,0.0,,,constant,,,0.0,False,False,0.0,0.2233042563235414,62.16606681674861,3554.9475521848244,0.0,1401.9089701728715,6136.731649805236,-4734.822679632364,0.2284455391197307,False,False,False,False,0,False,0.0,0.4000000000000001,ground_hx_capacity_insufficient,0.0
0.7,0.51,100,1652137.7972935715,2478206.69593925,2478206.69593925,1652137.7972935715,1652137.7972935715,2478206.69593925,2478206.69593925,25.5,52.04010867168887,35.886061766390355,24.895727743156897,25.0,40.886061766390355,40.886061766390355,427034.2447756643,443187.3068078188,425226.7568422348,258500.96112658273,258500.96112658273,426314.4282378984,267980.71876012464,1764.698737219962,1782.8526203768633,1726.6217002517258,1195.603558148262,1199.3729696944135,1762.2864794922095,1226.030646166097,65.61154447429644,cooling,False,False,True,,False,True,4561.394349004189,26,,26,26,26,15,15.000000000000018,21.098192554904102,24.692429657661478,17.503955452146727,,,0.0,0.0,0.0,43.1392067918133,0.718986779863555,1.4999999999993296,True,0.0,0.0,0.0,0.0,0.0,0.0,0.0,0.0,0.6367531291347349,0.9782924053051085,0.8962711106082979,100,1600,0.0,,,constant,,,0.0,False,False,0.0,0.19868497176017572,70.18671867796746,5361.079849449373,0.0,1575.3373008010465,6136.731649805236,-4561.394349004189,0.25670623887408267,False,False,False,False,0,False,0.0,0.51,ground_hx_capacity_insufficient,0.0
0.7,0.6200000000000001,100,1652137.7972935715,2478206.69593925,2478206.69593925,1652137.7972935715,1652137.7972935715,2478206.69593925,2478206.69593925,25.5,52.04010867168887,35.886061766390355,24.895727743156897,25.0,40.886061766390355,40.886061766390355,427034.2447756643,443187.3068078188,425226.7568422348,258500.96112658273,258500.96112658273,426314.4282378984,267980.71876012464,1764.698737219962,1782.8526203768633,1726.6217002517258,1195.603558148262,1199.3729696944135,1762.2864794922095,1226.030646166097,65.61154447429644,cooling,False,False,True,,False,True,4420.601817729074,26,,26,26,26,15,15.000000000000043,20.67967979625891,23.636839671189534,17.722519921328285,,,0.0,0.0,0.0,43.1392067918133,0.718986779863555,1.4999999999993296,True,0.0,0.0,0.0,0.0,0.0,0.0,0.0,0.0,0.6367531291347349,0.9782924053051085,0.8962711106082979,100,1600,0.0,,,constant,,,0.0,False,False,0.0,0.1850112522164731,76.8743956011627,7474.072932311012,0.0,1716.1298320761614,6136.731649805236,-4420.601817729074,0.2796488310077282,False,False,False,False,0,False,0.0,0.6200000000000001,ground_hx_capacity_insufficient,0.0
0.7,0.7300000000000001,100,1652137.7972935715,2478206.69593925,2478206.69593925,1652137.7972935715,1652137.7972935715,2478206.69593925,2478206.69593925,25.5,52.04010867168887,35.886061766390355,24.895727743156897,25.0,40.886061766390355,40.886061766390355,427034.2447756643,443187.3068078188,425226.7568422348,258500.96112658273,258500.96112658273,426314.4282378984,267980.71876012464,1764.698737219962,1782.8526203768633,1726.6217002517258,1195.603558148262,1199.3729696944135,1762.2864794922095,1226.030646166097,65.61154447429644,cooling,False,False,True,,False,True,4302.63249336598,26,,26,26,26,15,15.000000000000016,20.423787136505496,22.936050912761516,17.911523360249475,,,0.0,0.0,0.0,43.1392067918133,0.718986779863555,1.4999999999993296,True,0.0,0.0,0.0,0.0,0.0,0.0,0.0,0.0,0.6367531291347349,0.9782924053051085,0.8962711106082979,100,1600,0.0,,,constant,,,0.0,False,False,0.0,0.17662628110681425,82.57281877061038,9880.832796322842,0.0,1834.0991564392557,6136.731649805236,-4302.63249336598,0.29887230876348736,False,False,False,False,0,False,0.0,0.7300000000000001,ground_hx_capacity_insufficient,0.0
0.7,0.8400000000000001,100,1652137.7972935715,2478206.69593925,2478206.69593925,1652137.7972935715,1652137.7972935715,2478206.69593925,2478206.69593925,25.5,52.04010867168887,35.886061766390355,24.895727743156897,25.0,40.886061766390355,40.886061766390355,427034.2447756643,443187.3068078188,425226.7568422348,258500.96112658273,258500.96112658273,426314.4282378984,267980.71876012464,1764.698737219962,1782.8526203768633,1726.6217002517258,1195.603558148262,1199.3729696944135,1762.2864794922095,1226.030646166097,65.61154447429644,cooling,False,False,True,,False,True,4201.584549812011,26,,26,26,26,15,14.999999999999993,20.256311899622972,22.44038190126065,18.072241897985293,,,0.0,0.0,0.0,43.1392067918133,0.718986779863555,1.4999999999993296,True,0.0,0.0,0.0,0.0,0.0,0.0,0.0,0.0,0.6367531291347349,0.9782924053051085,0.8962711106082979,100,1600,0.0,,,constant,,,0.0,False,False,0.0,0.1711102683166176,87.50877330178434,12571.057574173554,0.0,1935.1470999932255,6136.731649805236,-4201.584549812011,0.3153383935330857,False,False,False,False,0,False,0.0,0.8400000000000002,ground_hx_capacity_insufficient,0.0
0.7,0.9500000000000001,100,1652137.7972935715,2478206.69593925,2478206.69593925,1652137.7972935715,1652137.7972935715,2478206.69593925,2478206.69593925,25.5,52.04010867168887,35.886061766390355,24.895727743156897,25.0,40.886061766390355,40.886061766390355,427034.2447756643,443187.3068078188,425226.7568422348,258500.96112658273,258500.96112658273,426314.4282378984,267980.71876012464,1764.698737219962,1782.8526203768633,1726.6217002517258,1195.603558148262,1199.3729696944135,1762.2864794922095,1226.030646166097,65.61154447429644,cooling,False,False,True,,False,True,4113.600093512726,26,,26,26,26,15,14.99999999999995,20.14107048372196,22.07312825940579,18.20901270803813,,,0.0,0.0,0.0,43.1392067918133,0.718986779863555,1.4999999999993296,True,0.0,0.0,0.0,0.0,0.0,0.0,0.0,0.0,0.6367531291347349,0.9782924053051085,0.8962711106082979,100,1600,0.0,,,constant,,,0.0,False,False,0.0,0.1672825453957708,91.84025117803479,15536.329648926243,0.0,2023.1315562925104,6136.731649805236,-4113.600093512726,0.3296757413788363,False,False,False,False,0,False,0.0,0.95,ground_hx_capacity_insufficient,0.0
0.7,1.06,100,1652137.7972935715,2478206.69593925,2478206.69593925,1652137.7972935715,1652137.7972935715,2478206.69593925,2478206.69593925,25.5,52.04010867168887,35.886061766390355,24.895727743156897,25.0,40.886061766390355,40.886061766390355,427034.2447756643,443187.3068078188,425226.7568422348,258500.96112658273,258500.96112658273,426314.4282378984,267980.71876012464,1764.698737219962,1782.8526203768633,1726.6217002517258,1195.603558148262,1199.3729696944135,1762.2864794922095,1226.030646166097,65.61154447429644,cooling,False,False,True,,False,True,4036.014432308783,26,,26,26,26,15,14.999999999999995,20.058765782894312,21.791291623242785,18.32623994254584,,,0.0,0.0,0.0,43.1392067918133,0.718986779863555,1.4999999999993296,True,0.0,0.0,0.0,0.0,0.0,0.0,0.0,0.0,0.6367531291347349,0.9782924053051085,0.8962711106082979,100,1600,0.0,,,constant,,,0.0,False,False,0.0,0.16451282913096893,95.68183695640508,18769.57981606321,0.0,2100.717217496453,6136.731649805236,-4036.014432308783,0.3423185723891193,False,False,False,False,0,False,0.0,1.06,ground_hx_capacity_insufficient,0.0
0.7,1.1700000000000002,100,1652137.7972935715,2478206.69593925,2478206.69593925,1652137.7972935715,1652137.7972935715,2478206.69593925,2478206.69593925,25.5,52.04010867168887,35.886061766390355,24.895727743156897,25.0,40.886061766390355,40.886061766390355,427034.2447756643,443187.3068078188,425226.7568422348,258500.96112658273,258500.96112658273,426314.4282378984,267980.71876012464,1764.698737219962,1782.8526203768633,1726.6217002517258,1195.603558148262,1199.3729696944135,1762.2864794922095,1226.030646166097,65.61154447429644,cooling,False,False,True,,False,True,3966.906229240819,26,,26,26,26,15,15.00000000000005,19.99836194074973,21.569047843294015,18.427676038205448,,,0.0,0.0,0.0,43.1392067918133,0.718986779863555,1.4999999999993296,True,0.0,0.0,0.0,0.0,0.0,0.0,0.0,0.0,0.6367531291347349,0.9782924053051085,0.8962711106082979,100,1600,0.0,,,constant,,,0.0,False,False,0.0,0.1624401112001453,99.11926980606879,22264.7464228613,0.0,2169.825420564417,6136.731649805236,-3966.906229240819,0.3535799745509944,False,False,False,False,0,False,0.0,1.1700000000000002,ground_hx_capacity_insufficient,0.0
0.7,1.2800000000000002,100,1652137.7972935715,2478206.69593925,2478206.69593925,1652137.7972935715,1652137.7972935715,2478206.69593925,2478206.69593925,25.5,52.04010867168887,35.886061766390355,24.895727743156897,25.0,40.886061766390355,40.886061766390355,427034.2447756643,443187.3068078188,425226.7568422348,258500.96112658273,258500.96112658273,426314.4282378984,267980.71876012464,1764.698737219962,1782.8526203768633,1726.6217002517258,1195.603558148262,1199.3729696944135,1762.2864794922095,1226.030646166097,65.61154447429644,cooling,False,False,True,,False,True,3904.8424878812157,26,,26,26,26,15,15.000000000000036,19.95318573288901,21.390018617943497,18.516352847834526,,,0.0,0.0,0.0,43.1392067918133,0.718986779863555,1.4999999999993296,True,0.0,0.0,0.0,0.0,0.0,0.0,0.0,0.0,0.6367531291347349,0.9782924053051085,0.8962711106082979,100,1600,0.0,,,constant,,,0.0,False,False,0.0,0.16084559408691862,102.21833514545091,26016.546090172757,0.0,2231.8891619240203,6136.731649805236,-3904.8424878812157,0.3636934592039485,False,False,False,False,0,False,0.0,1.2800000000000002,ground_hx_capacity_insufficient,0.0
0.7,1.3900000000000001,100,1652137.7972935715,2478206.69593925,2478206.69593925,1652137.7972935715,1652137.7972935715,2478206.69593925,2478206.69593925,25.5,52.04010867168887,35.886061766390355,24.895727743156897,25.0,40.886061766390355,40.886061766390355,427034.2447756643,443187.3068078188,425226.7568422348,258500.96112658273,258500.96112658273,426314.4282378984,267980.71876012464,1764.698737219962,1782.8526203768633,1726.6217002517258,1195.603558148262,1199.3729696944135,1762.2864794922095,1226.030646166097,65.61154447429644,cooling,False,False,True,,False,True,3848.7251124516647,26,,26,26,26,15,14.999999999999986,19.919014792295712,21.243348403663674,18.59468118092775,,,0.0,0.0,0.0,43.1392067918133,0.718986779863555,1.4999999999993296,True,0.0,0.0,0.0,0.0,0.0,0.0,0.0,0.0,0.6367531291347349,0.9782924053051085,0.8962711106082979,100,1600,0.0,,,constant,,,0.0,False,False,0.0,0.15959038096754102,105.03056366945209,30020.312661080978,0.0,2288.0065373535713,6136.731649805236,-3848.7251124516647,0.3728379645582493,False,False,False,False,0,False,0.0,1.39,ground_hx_capacity_insufficient,0.0
0.7,1.5,100,1652137.7972935715,2478206.69593925,2478206.69593925,1652137.7972935715,1652137.7972935715,2478206.69593925,2478206.69593925,25.5,52.04010867168887,35.886061766390355,24.895727743156897,25.0,40.886061766390355,40.886061766390355,427034.2447756643,443187.3068078188,425226.7568422348,258500.96112658273,258500.96112658273,426314.4282378984,267980.71876012464,1764.698737219962,1782.8526203768633,1726.6217002517258,1195.603558148262,1199.3729696944135,1762.2864794922095,1226.030646166097,65.61154447429644,cooling,False,False,True,,False,True,3797.693884848437,26,,26,26,26,15,15.000000000000018,19.893075803031365,21.121576266857062,18.66457533920567,,,0.0,0.0,0.0,43.1392067918133,0.718986779863555,1.4999999999993296,True,0.0,0.0,0.0,0.0,0.0,0.0,0.0,0.0,0.6367531291347349,0.9782924053051085,0.8962711106082979,100,1600,0.0,,,constant,,,0.0,False,False,0.0,0.15858282301514878,107.59702907767688,34271.88008391488,0.0,2339.037764956799,6136.731649805236,-3797.693884848437,0.381153665898204,False,False,False,False,0,False,0.0,1.4999999999999998,ground_hx_capacity_insufficient,0.0
0.8,0.4,100,1652137.7972935715,2478206.69593925,2478206.69593925,1652137.7972935715,1652137.7972935715,2478206.69593925,2478206.69593925,25.5,52.06429331892775,35.886061766390355,24.895727743156897,25.0,40.886061766390355,40.886061766390355,427034.2447756643,443222.5007720613,425226.7568422348,258500.96112658273,258500.96112658273,426314.4282378984,267980.71876012464,1764.698737219962,1782.9608421669614,1726.6217002517258,1195.603558148262,1199.3729696944135,1762.2864794922095,1226.030646166097,65.61154447429644,cooling,False,False,True,,False,True,5600.855384431033,26,,26,26,26,15,15.000000000000005,22.83316949678698,28.07063669835179,17.595702295222168,,,0.0,0.0,0.0,49.11232363154988,0.818538727192498,1.4999999999993296,True,0.0,0.0,0.0,0.0,0.0,0.0,0.0,0.0,0.6353688004669009,0.9820696780577808,0.9000289295986207,100,1600,0.0,,,constant,,,0.0,False,False,0.0,0.2233042563235414,63.64077248065569,3554.9475521848244,0.0,1413.888695395157,7014.74407982619,-5600.855384431033,0.20155955503228995,False,False,False,False,0,False,0.0,0.4000000000000001,ground_hx_capacity_insufficient,0.0
0.8,0.51,100,1652137.7972935715,2478206.69593925,2478206.69593925,1652137.7972935715,1652137.7972935715,2478206.69593925,2478206.69593925,25.5,52.06429331892775,35.886061766390355,24.895727743156897,25.0,40.886061766390355,40.886061766390355,427034.2447756643,443222.5007720613,425226.7568422348,258500.96112658273,258500.96112658273,426314.4282378984,267980.71876012464,1764.698737219962,1782.9608421669614,1726.6217002517258,1195.603558148262,1199.3729696944135,1762.2864794922095,1226.030646166097,65.61154447429644,cooling,False,False,True,,False,True,5423.598930506541,26,,26,26,26,15,15.000000000000014,21.970431929223082,26.078761542742825,17.86210231570334,,,0.0,0.0,0.0,49.11232363154988,0.818538727192498,1.4999999999993296,True,0.0,0.0,0.0,0.0,0.0,0.0,0.0,0.0,0.6353688004669009,0.9820696780577808,0.9000289295986207,100,1600,0.0,,,constant,,,0.0,False,False,0.0,0.19868497176017572,72.07227578235596,5361.079849449373,0.0,1591.1451493196487,7014.74407982619,-5423.598930506541,0.22682868130508815,False,False,False,False,0,False,0.0,0.51,ground_hx_capacity_insufficient,0.0
0.8,0.6200000000000001,100,1652137.7972935715,2478206.69593925,2478206.69593925,1652137.7972935715,1652137.7972935715,2478206.69593925,2478206.69593925,25.5,52.06429331892775,35.886061766390355,24.895727743156897,25.0,40.886061766390355,40.886061766390355,427034.2447756643,443222.5007720613,425226.7568422348,258500.96112658273,258500.96112658273,426314.4282378984,267980.71876012464,1764.698737219962,1782.9608421669614,1726.6217002517258,1195.603558148262,1199.3729696944135,1762.2864794922095,1226.030646166097,65.61154447429644,cooling,False,False,True,,False,True,5279.5597649804895,26,,26,26,26,15,15.000000000000014,21.491890691957906,24.871933116064042,18.11184826785177,,,0.0,0.0,0.0,49.11232363154988,0.818538727192498,1.4999999999993296,True,0.0,0.0,0.0,0.0,0.0,0.0,0.0,0.0,0.6353688004669009,0.9820696780577808,0.9000289295986207,100,1600,0.0,,,constant,,,0.0,False,False,0.0,0.1850112522164731,79.1422040557381,7474.072932311012,0.0,1735.1843148457003,7014.74407982619,-5279.5597649804895,0.24736245472389273,False,False,False,False,0,False,0.0,0.6200000000000001,ground_hx_capacity_insufficient,0.0
0.8,0.7300000000000001,100,1652137.7972935715,2478206.69593925,2478206.69593925,1652137.7972935715,1652137.7972935715,2478206.69593925,2478206.69593925,25.5,52.06429331892775,35.886061766390355,24.895727743156897,25.0,40.886061766390355,40.886061766390355,427034.2447756643,443222.5007720613,425226.7568422348,258500.96112658273,258500.96112658273,426314.4282378984,267980.71876012464,1764.698737219962,1782.9608421669614,1726.6217002517258,1195.603558148262,1199.3729696944135,1762.2864794922095,1226.030646166097,65.61154447429644,cooling,False,False,True,,False,True,5158.660085586453,26,,26,26,26,15,15.000000000000002,21.199187487906272,24.070611785379867,18.327763190432677,,,0.0,0.0,0.0,49.11232363154988,0.818538727192498,1.4999999999993296,True,0.0,0.0,0.0,0.0,0.0,0.0,0.0,0.0,0.6353688004669009,0.9820696780577808,0.9000289295986207,100,1600,0.0,,,constant,,,0.0,False,False,0.0,0.17662628110681425,85.19503132321455,9880.832796322842,0.0,1856.0839942397365,7014.74407982619,-5158.660085586453,0.26459753529393565,False,False,False,False,0,False,0.0,0.7300000000000001,ground_hx_capacity_insufficient,0.0
0.8,0.8400000000000001,100,1652137.7972935715,2478206.69593925,2478206.69593925,1652137.7972935715,1652137.7972935715,2478206.69593925,2478206.69593925,25.5,52.06429331892775,35.886061766390355,24.895727743156897,25.0,40.886061766390355,40.886061766390355,427034.2447756643,443222.5007720613,425226.7568422348,258500.96112658273,258500.96112658273,426314.4282378984,267980.71876012464,1764.698737219962,1782.9608421669614,1726.6217002517258,1195.603558148262,1199.3729696944135,1762.2864794922095,1226.030646166097,65.61154447429644,cooling,False,False,True,,False,True,5054.888106953619,26,,26,26,26,15,14.999999999999979,21.007496612054013,23.503694209511707,18.511299014596318,,,0.0,0.0,0.0,49.11232363154988,0.818538727192498,1.4999999999993296,True,0.0,0.0,0.0,0.0,0.0,0.0,0.0,0.0,0.6353688004669009,0.9820696780577808,0.9000289295986207,100,1600,0.0,,,constant,,,0.0,False,False,0.0,0.1711102683166176,90.45945299636655,12571.057574173554,0.0,1959.8559728725704,7014.74407982619,-5054.888106953619,0.2793909443551833,False,False,False,False,0,False,0.0,0.8400000000000002,ground_hx_capacity_insufficient,0.0
0.8,0.9500000000000001,100,1652137.7972935715,2478206.69593925,2478206.69593925,1652137.7972935715,1652137.7972935715,2478206.69593925,2478206.69593925,25.5,52.06429331892775,35.886061766390355,24.895727743156897,25.0,40.886061766390355,40.886061766390355,427034.2447756643,443222.5007720613,425226.7568422348,258500.96112658273,258500.96112658273,426314.4282378984,267980.71876012464,1764.698737219962,1782.9608421669614,1726.6217002517258,1195.603558148262,1199.3729696944135,1762.2864794922095,1226.030646166097,65.61154447429644,cooling,False,False,True,,False,True,4964.334382094177,26,,26,26,26,15,14.999999999999975,20.87545125463714,23.083495536098667,18.667406973175616,,,0.0,0.0,0.0,49.11232363154988,0.818538727192498,1.4999999999993296,True,0.0,0.0,0.0,0.0,0.0,0.0,0.0,0.0,0.6353688004669009,0.9820696780577808,0.9000289295986207,100,1600,0.0,,,constant,,,0.0,False,False,0.0,0.1672825453957708,95.09569677879485,15536.329648926243,0.0,2050.4096977320123,7014.74407982619,-4964.334382094177,0.2923000004560134,False,False,False,False,0,False,0.0,0.95,ground_hx_capacity_insufficient,0.0
0.8,1.06,100,1652137.7972935715,2478206.69593925,2478206.69593925,1652137.7972935715,1652137.7972935715,2478206.69593925,2478206.69593925,25.5,52.06429331892775,35.886061766390355,24.895727743156897,25.0,40.886061766390355,40.886061766390355,427034.2447756643,443222.5007720613,425226.7568422348,258500.96112658273,258500.96112658273,426314.4282378984,267980.71876012464,1764.698737219962,1782.9608421669614,1726.6217002517258,1195.603558148262,1199.3729696944135,1762.2864794922095,1226.030646166097,65.61154447429644,cooling,False,False,True,,False,True,4884.308466260257,26,,26,26,26,15,15.000000000000023,20.78098732726886,22.760859564304894,18.801115090232827,,,0.0,0.0,0.0,49.11232363154988,0.818538727192498,1.4999999999993296,True,0.0,0.0,0.0,0.0,0.0,0.0,0.0,0.0,0.6353688004669009,0.9820696780577808,0.9000289295986207,100,1600,0.0,,,constant,,,0.0,False,False,0.0,0.16451282913096893,99.2205694563108,18769.57981606321,0.0,2130.4356135659327,7014.74407982619,-4884.308466260257,0.30370824499398136,False,False,False,False,0,False,0.0,1.06,ground_hx_capacity_insufficient,0.0
0.8,1.1700000000000002,100,1652137.7972935715,2478206.69593925,2478206.69593925,1652137.7972935715,1652137.7972935715,2478206.69593925,2478206.69593925,25.5,52.06429331892775,35.886061766390355,24.895727743156897,25.0,40.886061766390355,40.886061766390355,427034.2447756643,443222.5007720613,425226.7568422348,258500.96112658273,258500.96112658273,426314.4282378984,267980.71876012464,1764.698737219962,1782.9608421669614,1726.6217002517258,1195.603558148262,1199.3729696944135,1762.2864794922095,1226.030646166097,65.61154447429644,cooling,False,False,True,,False,True,4812.874899149756,26,,26,26,26,15,15.000000000000032,20.71148412458828,22.506261634387954,18.91670661478861,,,0.0,0.0,0.0,49.11232363154988,0.818538727192498,1.4999999999993296,True,0.0,0.0,0.0,0.0,0.0,0.0,0.0,0.0,0.6353688004669009,0.9820696780577808,0.9000289295986207,100,1600,0.0,,,constant,,,0.0,False,False,0.0,0.1624401112001453,102.92188464861206,22264.7464228613,0.0,2201.8691806764336,7014.74407982619,-4812.874899149756,0.31389159114283627,False,False,False,False,0,False,0.0,1.1700000000000002,ground_hx_capacity_insufficient,0.0
0.8,1.2800000000000002,100,1652137.7972935715,2478206.69593925,2478206.69593925,1652137.7972935715,1652137.7972935715,2478206.69593925,2478206.69593925,25.5,52.06429331892775,35.886061766390355,24.895727743156897,25.0,40.886061766390355,40.886061766390355,427034.2447756643,443222.5007720613,425226.7568422348,258500.96112658273,258500.96112658273,426314.4282378984,267980.71876012464,1764.698737219962,1782.9608421669614,1726.6217002517258,1195.603558148262,1199.3729696944135,1762.2864794922095,1226.030646166097,65.61154447429644,cooling,False,False,True,,False,True,4748.5919138361705,26,,26,26,26,15,15.000000000000043,20.659307887501114,22.300974507312503,19.017641267689726,,,0.0,0.0,0.0,49.11232363154988,0.818538727192498,1.4999999999993296,True,0.0,0.0,0.0,0.0,0.0,0.0,0.0,0.0,0.6353688004669009,0.9820696780577808,0.9000289295986207,100,1600,0.0,,,constant,,,0.0,False,False,0.0,0.16084559408691862,106.26730927878289,26016.546090172757,0.0,2266.152165990019,7014.74407982619,-4748.5919138361705,0.32305557269113794,False,False,False,False,0,False,0.0,1.2800000000000002,ground_hx_capacity_insufficient,0.0
0.8,1.3900000000000001,100,1652137.7972935715,2478206.69593925,2478206.69593925,1652137.7972935715,1652137.7972935715,2478206.69593925,2478206.69593925,25.5,52.06429331892775,35.886061766390355,24.895727743156897,25.0,40.886061766390355,40.886061766390355,427034.2447756643,443222.5007720613,425226.7568422348,258500.96112658273,258500.96112658273,426314.4282378984,267980.71876012464,1764.698737219962,1782.9608421669614,1726.6217002517258,1195.603558148262,1199.3729696944135,1762.2864794922095,1226.030646166097,65.61154447429644,cooling,False,False,True,,False,True,4690.355161316741,26,,26,26,26,15,15.000000000000012,20.61962648330214,22.132583965525384,19.1066690010789,,,0.0,0.0,0.0,49.11232363154988,0.818538727192498,1.4999999999993296,True,0.0,0.0,0.0,0.0,0.0,0.0,0.0,0.0,0.6353688004669009,0.9820696780577808,0.9000289295986207,100,1600,0.0,,,constant,,,0.0,False,False,0.0,0.15959038096754102,109.31005677394592,30020.312661080978,0.0,2324.3889185094486,7014.74407982619,-4690.355161316741,0.3313576221824249,False,False,False,False,0,False,0.0,1.39,ground_hx_capacity_insufficient,0.0
0.8,1.5,100,1652137.7972935715,2478206.69593925,2478206.69593925,1652137.7972935715,1652137.7972935715,2478206.69593925,2478206.69593925,25.5,52.06429331892775,35.886061766390355,24.895727743156897,25.0,40.886061766390355,40.886061766390355,427034.2447756643,443222.5007720613,425226.7568422348,258500.96112658273,258500.96112658273,426314.4282378984,267980.71876012464,1764.698737219962,1782.9608421669614,1726.6217002517258,1195.603558148262,1199.3729696944135,1762.2864794922095,1226.030646166097,65.61154447429644,cooling,False,False,True,,False,True,4637.299392751314,26,,26,26,26,15,15.00000000000001,20.589264252006927,21.99255616949182,19.185972334522035,,,0.0,0.0,0.0,49.11232363154988,0.818538727192498,1.4999999999993296,True,0.0,0.0,0.0,0.0,0.0,0.0,0.0,0.0,0.6353688004669009,0.9820696780577808,0.9000289295986207,100,1600,0.0,,,constant,,,0.0,False,False,0.0,0.15858282301514878,112.09269580632632,34271.88008391488,0.0,2377.4446870748748,7014.74407982619,-4637.299392751314,0.33892108678807037,False,False,False,False,0,False,0.0,1.4999999999999998,ground_hx_capacity_insufficient,0.0
0.9,0.4,100,1652137.7972935715,2478206.69593925,2478206.69593925,1652137.7972935715,1652137.7972935715,2478206.69593925,2478206.69593925,25.5,52.08344396674772,35.886061766390355,24.895727743156897,25.0,40.886061766390355,40.886061766390355,427034.2447756643,443250.3603123897,425226.7568422348,258500.96112658273,258500.96112658273,426314.4282378984,267980.71876012464,1764.698737219962,1783.0465048229382,1726.6217002517258,1195.603558148262,1199.3729696944135,1762.2864794922095,1226.030646166097,65.61154447429644,cooling,False,False,True,,False,True,6473.003744261659,26,,26,26,26,15,15.000000000000005,23.813512264186897,29.706462931627755,17.92056159674604,,,0.0,0.0,0.0,55.08544047128645,0.9180906745214408,1.4999999999993296,True,0.0,0.0,0.0,0.0,0.0,0.0,0.0,0.0,0.634277226922059,0.9850277836659505,0.9029938742588612,100,1600,0.0,,,constant,,,0.0,False,False,0.0,0.2233042563235414,64.8681530368783,3554.9475521848244,0.0,1419.7735477747972,7892.777292036457,-6473.003744261659,0.1798826313276697,False,False,False,False,0,False,0.0,0.4000000000000001,ground_hx_capacity_insufficient,0.0
0.9,0.51,100,1652137.7972935715,2478206.69593925,2478206.69593925,1652137.7972935715,1652137.7972935715,2478206.69593925,2478206.69593925,25.5,52.08344396674772,35.886061766390355,24.895727743156897,25.0,40.886061766390355,40.886061766390355,427034.2447756643,443250.3603123897,425226.7568422348,258500.96112658273,258500.96112658273,426314.4282378984,267980.71876012464,1764.698737219962,1783.0465048229382,1726.6217002517258,1195.603558148262,1199.3729696944135,1762.2864794922095,1226.030646166097,65.61154447429644,cooling,False,False,True,,False,True,6293.543832610809,26,,26,26,26,15,14.999999999999986,22.84269194908552,27.465126241723738,18.220257656447302,,,0.0,0.0,0.0,55.08544047128645,0.9180906745214408,1.4999999999993296,True,0.0,0.0,0.0,0.0,0.0,0.0,0.0,0.0,0.634277226922059,0.9850277836659505,0.9029938742588612,100,1600,0.0,,,constant,,,0.0,False,False,0.0,0.19868497176017572,73.65045356567576,5361.079849449373,0.0,1599.2334594256479,7892.777292036457,-6293.543832610809,0.20261986373785307,False,False,False,False,0,False,0.0,0.51,ground_hx_capacity_insufficient,0.0
0.9,0.6200000000000001,100,1652137.7972935715,2478206.69593925,2478206.69593925,1652137.7972935715,1652137.7972935715,2478206.69593925,2478206.69593925,25.5,52.08344396674772,35.886061766390355,24.895727743156897,25.0,40.886061766390355,40.886061766390355,427034.2447756643,443250.3603123897,425226.7568422348,258500.96112658273,258500.96112658273,426314.4282378984,267980.71876012464,1764.698737219962,1783.0465048229382,1726.6217002517258,1195.603558148262,1199.3729696944135,1762.2864794922095,1226.030646166097,65.61154447429644,cooling,False,False,True,,False,True,6147.74603979113,26,,26,26,26,15,14.999999999999954,22.304120812351215,26.107055795087035,18.501185829615395,,,0.0,0.0,0.0,55.08544047128645,0.9180906745214408,1.4999999999993296,True,0.0,0.0,0.0,0.0,0.0,0.0,0.0,0.0,0.634277226922059,0.9850277836659505,0.9029938742588612,100,1600,0.0,,,constant,,,0.0,False,False,0.0,0.1850112522164731,81.0492870959419,7474.072932311012,0.0,1745.031252245327,7892.777292036457,-6147.74603979113,0.22109216916661315,False,False,False,False,0,False,0.0,0.6200000000000001,ground_hx_capacity_insufficient,0.0
0.9,0.7300000000000001,100,1652137.7972935715,2478206.69593925,2478206.69593925,1652137.7972935715,1652137.7972935715,2478206.69593925,2478206.69593925,25.5,52.08344396674772,35.886061766390355,24.895727743156897,25.0,40.886061766390355,40.886061766390355,427034.2447756643,443250.3603123897,425226.7568422348,258500.96112658273,258500.96112658273,426314.4282378984,267980.71876012464,1764.698737219962,1783.0465048229382,1726.6217002517258,1195.603558148262,1199.3729696944135,1762.2864794922095,1226.030646166097,65.61154447429644,cooling,False,False,True,,False,True,6025.275004766814,26,,26,26,26,15,15.000000000000032,21.97460619271115,25.205199512582567,18.744012872839733,,,0.0,0.0,0.0,55.08544047128645,0.9180906745214408,1.4999999999993296,True,0.0,0.0,0.0,0.0,0.0,0.0,0.0,0.0,0.634277226922059,0.9850277836659505,0.9029938742588612,100,1600,0.0,,,constant,,,0.0,False,False,0.0,0.17662628110681425,87.40905863464727,9880.832796322842,0.0,1867.5022872696431,7892.777292036457,-6025.275004766814,0.23660901836846318,False,False,False,False,0,False,0.0,0.7300000000000001,ground_hx_capacity_insufficient,0.0
0.9,0.8400000000000001,100,1652137.7972935715,2478206.69593925,2478206.69593925,1652137.7972935715,1652137.7972935715,2478206.69593925,2478206.69593925,25.5,52.08344396674772,35.886061766390355,24.895727743156897,25.0,40.886061766390355,40.886061766390355,427034.2447756643,443250.3603123897,425226.7568422348,258500.96112658273,258500.96112658273,426314.4282378984,267980.71876012464,1764.698737219962,1783.0465048229382,1726.6217002517258,1195.603558148262,1199.3729696944135,1762.2864794922095,1226.030646166097,65.61154447429644,cooling,False,False,True,,False,True,5920.020580598105,26,,26,26,26,15,15.00000000000004,21.758699104715078,24.56703168592327,18.950366523506887,,,0.0,0.0,0.0,55.08544047128645,0.9180906745214408,1.4999999999993296,True,0.0,0.0,0.0,0.0,0.0,0.0,0.0,0.0,0.634277226922059,0.9850277836659505,0.9029938742588612,100,1600,0.0,,,constant,,,0.0,False,False,0.0,0.1711102683166176,92.95956996147261,12571.057574173554,0.0,1972.756711438352,7892.777292036457,-5920.020580598105,0.24994455543916036,False,False,False,False,0,False,0.0,0.8400000000000002,ground_hx_capacity_insufficient,0.0
0.9,0.9500000000000001,100,1652137.7972935715,2478206.69593925,2478206.69593925,1652137.7972935715,1652137.7972935715,2478206.69593925,2478206.69593925,25.5,52.08344396674772,35.886061766390355,24.895727743156897,25.0,40.886061766390355,40.886061766390355,427034.2447756643,443250.3603123897,425226.7568422348,258500.96112658273,258500.96112658273,426314.4282378984,267980.71876012464,1764.698737219962,1783.0465048229382,1726.6217002517258,1195.603558148262,1199.3729696944135,1762.2864794922095,1226.030646166097,65.61154447429644,cooling,False,False,True,,False,True,5828.033906043847,26,,26,26,26,15,15.000000000000004,21.609849408039963,24.093886727765096,19.12581208831483,,,0.0,0.0,0.0,55.08544047128645,0.9180906745214408,1.4999999999993296,True,0.0,0.0,0.0,0.0,0.0,0.0,0.0,0.0,0.634277226922059,0.9850277836659505,0.9029938742588612,100,1600,0.0,,,constant,,,0.0,False,False,0.0,0.1672825453957708,97.86257318243334,15536.329648926243,0.0,2064.743385992609,7892.777292036457,-5828.033906043847,0.2615990936518461,False,False,False,False,0,False,0.0,0.95,ground_hx_capacity_insufficient,0.0
0.9,1.06,100,1652137.7972935715,2478206.69593925,2478206.69593925,1652137.7972935715,1652137.7972935715,2478206.69593925,2478206.69593925,25.5,52.08344396674772,35.886061766390355,24.895727743156897,25.0,40.886061766390355,40.886061766390355,427034.2447756643,443250.3603123897,425226.7568422348,258500.96112658273,258500.96112658273,426314.4282378984,267980.71876012464,1764.698737219962,1783.0465048229382,1726.6217002517258,1195.603558148262,1199.3729696944135,1762.2864794922095,1226.030646166097,65.61154447429644,cooling,False,False,True,,False,True,5746.610221915866,26,,26,26,26,15,14.999999999999982,21.503225966327136,23.73045045463715,19.276001478017122,,,0.0,0.0,0.0,55.08544047128645,0.9180906745214408,1.4999999999993296,True,0.0,0.0,0.0,0.0,0.0,0.0,0.0,0.0,0.634277226922059,0.9850277836659505,0.9029938742588612,100,1600,0.0,,,constant,,,0.0,False,False,0.0,0.16451282913096893,102.23649010268012,18769.57981606321,0.0,2146.1670701205912,7892.777292036457,-5746.610221915866,0.27191532089547243,False,False,False,False,0,False,0.0,1.06,ground_hx_capacity_insufficient,0.0
0.9,1.1700000000000002,100,1652137.7972935715,2478206.69593925,2478206.69593925,1652137.7972935715,1652137.7972935715,2478206.69593925,2478206.69593925,25.5,52.08344396674772,35.886061766390355,24.895727743156897,25.0,40.886061766390355,40.886061766390355,427034.2447756643,443250.3603123897,425226.7568422348,258500.96112658273,258500.96112658273,426314.4282378984,267980.71876012464,1764.698737219962,1783.0465048229382,1726.6217002517258,1195.603558148262,1199.3729696944135,1762.2864794922095,1226.030646166097,65.61154447429644,cooling,False,False,True,,False,True,5673.810257035575,26,,26,26,26,15,15.000000000000018,21.42462318773255,23.443497608942835,19.405748766522265,,,0.0,0.0,0.0,55.08544047128645,0.9180906745214408,1.4999999999993296,True,0.0,0.0,0.0,0.0,0.0,0.0,0.0,0.0,0.634277226922059,0.9850277836659505,0.9029938742588612,100,1600,0.0,,,constant,,,0.0,False,False,0.0,0.1624401112001453,106.17069726955292,22264.7464228613,0.0,2218.967035000882,7892.777292036457,-5673.810257035575,0.2811389391716074,False,False,False,False,0,False,0.0,1.1700000000000002,ground_hx_capacity_insufficient,0.0
0.9,1.2800000000000002,100,1652137.7972935715,2478206.69593925,2478206.69593925,1652137.7972935715,1652137.7972935715,2478206.69593925,2478206.69593925,25.5,52.08344396674772,35.886061766390355,24.895727743156897,25.0,40.886061766390355,40.886061766390355,427034.2447756643,443250.3603123897,425226.7568422348,258500.96112658273,258500.96112658273,426314.4282378984,267980.71876012464,1764.698737219962,1783.0465048229382,1726.6217002517258,1195.603558148262,1199.3729696944135,1762.2864794922095,1226.030646166097,65.61154447429644,cooling,False,False,True,,False,True,5608.1925824823065,26,,26,26,26,15,15.00000000000004,21.365446755731142,23.211951958628788,19.518941552833496,,,0.0,0.0,0.0,55.08544047128645,0.9180906745214408,1.4999999999993296,True,0.0,0.0,0.0,0.0,0.0,0.0,0.0,0.0,0.634277226922059,0.9850277836659505,0.9029938742588612,100,1600,0.0,,,constant,,,0.0,False,False,0.0,0.16084559408691862,109.7343137369165,26016.546090172757,0.0,2284.5847095541503,7892.777292036457,-5608.1925824823065,0.2894525748064903,False,False,False,False,0,False,0.0,1.2800000000000002,ground_hx_capacity_insufficient,0.0
0.9,1.3900000000000001,100,1652137.7972935715,2478206.69593925,2478206.69593925,1652137.7972935715,1652137.7972935715,2478206.69593925,2478206.69593925,25.5,52.08344396674772,35.886061766390355,24.895727743156897,25.0,40.886061766390355,40.886061766390355,427034.2447756643,443250.3603123897,425226.7568422348,258500.96112658273,258500.96112658273,426314.4282378984,267980.71876012464,1764.698737219962,1783.0465048229382,1726.6217002517258,1195.603558148262,1199.3729696944135,1762.2864794922095,1226.030646166097,65.61154447429644,cooling,False,False,True,,False,True,5548.654564382701,26,,26,26,26,15,15.000000000000007,21.320254757496087,23.021840575223223,19.618668939768952,,,0.0,0.0,0.0,55.08544047128645,0.9180906745214408,1.4999999999993296,True,0.0,0.0,0.0,0.0,0.0,0.0,0.0,0.0,0.634277226922059,0.9850277836659505,0.9029938742588612,100,1600,0.0,,,constant,,,0.0,False,False,0.0,0.15959038096754102,112.98187489810951,30020.312661080978,0.0,2344.122727653756,7892.777292036457,-5548.654564382701,0.2969959294327101,False,False,False,False,0,False,0.0,1.39,ground_hx_capacity_insufficient,0.0
0.9,1.5,100,1652137.7972935715,2478206.69593925,2478206.69593925,1652137.7972935715,1652137.7972935715,2478206.69593925,2478206.69593925,25.5,52.08344396674772,35.886061766390355,24.895727743156897,25.0,40.886061766390355,40.886061766390355,427034.2447756643,443250.3603123897,425226.7568422348,258500.96112658273,258500.96112658273,426314.4282378984,267980.71876012464,1764.698737219962,1783.0465048229382,1726.6217002517258,1195.603558148262,1199.3729696944135,1762.2864794922095,1226.030646166097,65.61154447429644,cooling,False,False,True,,False,True,5494.332866751028,26,,26,26,26,15,15.000000000000018,21.28546917947375,22.86355668785893,19.70738167108857,,,0.0,0.0,0.0,55.08544047128645,0.9180906745214408,1.4999999999993296,True,0.0,0.0,0.0,0.0,0.0,0.0,0.0,0.0,0.634277226922059,0.9850277836659505,0.9029938742588612,100,1600,0.0,,,constant,,,0.0,False,False,0.0,0.15858282301514878,115.9571403044645,34271.88008391488,0.0,2398.444425285429,7892.777292036457,-5494.332866751028,0.30387838609172185,False,False,False,False,0,False,0.0,1.4999999999999998,ground_hx_capacity_insufficient,0.0
1.0,0.4,100,1652137.7972935715,2478206.69593925,2478206.69593925,1652137.7972935715,1652137.7972935715,2478206.69593925,2478206.69593925,25.5,52.10137996621637,35.886061766390355,24.895727743156897,25.0,40.886061766390355,40.886061766390355,427034.2447756643,443276.4457518619,425226.7568422348,258500.96112658273,258500.96112658273,426314.4282378984,267980.71876012464,1764.698737219962,1783.1267078916344,1726.6217002517258,1195.603558148262,1199.3729696944135,1762.2864794922095,1226.030646166097,65.61154447429644,cooling,False,False,True,,False,True,7349.953897383582,26,,26,26,26,15,15.0,24.794056313255624,31.342625028894417,18.24548759761683,,,0.0,0.0,0.0,61.082505746470275,1.0180417624411713,1.4999999999993296,True,0.0,0.0,0.0,0.0,0.0,0.0,0.0,0.0,0.6332585595483606,0.9870200000000174,0.9054016320633628,100,1600,0.0,,,constant,,,0.0,False,False,0.0,0.2233042563235414,65.90802807851144,3554.9475521848244,0.0,1421.0368825749665,8770.990779958549,-7349.953897383582,0.16201554855376124,False,False,False,False,0,False,0.0,0.4000000000000001,ground_hx_capacity_insufficient,0.0
1.0,0.51,100,1652137.7972935715,2478206.69593925,2478206.69593925,1652137.7972935715,1652137.7972935715,2478206.69593925,2478206.69593925,25.5,52.10137996621637,35.886061766390355,24.895727743156897,25.0,40.886061766390355,40.886061766390355,427034.2447756643,443276.4457518619,425226.7568422348,258500.96112658273,258500.96112658273,426314.4282378984,267980.71876012464,1764.698737219962,1783.1267078916344,1726.6217002517258,1195.603558148262,1199.3729696944135,1762.2864794922095,1226.030646166097,65.61154447429644,cooling,False,False,True,,False,True,7169.567421810769,26,,26,26,26,15,15.000000000000012,23.71513105932158,28.851775585840528,18.57848653280263,,,0.0,0.0,0.0,61.082505746470275,1.0180417624411713,1.4999999999993296,True,0.0,0.0,0.0,0.0,0.0,0.0,0.0,0.0,0.6332585595483606,0.9870200000000174,0.9054016320633628,100,1600,0.0,,,constant,,,0.0,False,False,0.0,0.19868497176017572,74.99387579092483,5361.079849449373,0.0,1601.4233581477806,8770.990779958549,-7169.567421810769,0.18258180840948834,False,False,False,False,0,False,0.0,0.51,ground_hx_capacity_insufficient,0.0
1.0,0.6200000000000001,100,1652137.7972935715,2478206.69593925,2478206.69593925,1652137.7972935715,1652137.7972935715,2478206.69593925,2478206.69593925,25.5,52.10137996621637,35.886061766390355,24.895727743156897,25.0,40.886061766390355,40.886061766390355,427034.2447756643,443276.4457518619,425226.7568422348,258500.96112658273,258500.96112658273,426314.4282378984,267980.71876012464,1764.698737219962,1783.1267078916344,1726.6217002517258,1195.603558148262,1199.3729696944135,1762.2864794922095,1226.030646166097,65.61154447429644,cooling,False,False,True,,False,True,7023.193814889362,26,,26,26,26,15,15.000000000000009,23.116517697920585,27.34243206659056,18.89060332925061,,,0.0,0.0,0.0,61.082505746470275,1.0180417624411713,1.4999999999993296,True,0.0,0.0,0.0,0.0,0.0,0.0,0.0,0.0,0.6332585595483606,0.9870200000000174,0.9054016320633628,100,1600,0.0,,,constant,,,0.0,False,False,0.0,0.1850112522164731,82.67917079223979,7474.072932311012,0.0,1747.796965069187,8770.990779958549,-7023.193814889362,0.19927018610746355,False,False,False,False,0,False,0.0,0.6200000000000001,ground_hx_capacity_insufficient,0.0
1.0,0.7300000000000001,100,1652137.7972935715,2478206.69593925,2478206.69593925,1652137.7972935715,1652137.7972935715,2478206.69593925,2478206.69593925,25.5,52.10137996621637,35.886061766390355,24.895727743156897,25.0,40.886061766390355,40.886061766390355,427034.2447756643,443276.4457518619,425226.7568422348,258500.96112658273,258500.96112658273,426314.4282378984,267980.71876012464,1764.698737219962,1783.1267078916344,1726.6217002517258,1195.603558148262,1199.3729696944135,1762.2864794922095,1226.030646166097,65.61154447429644,cooling,False,False,True,,False,True,6900.242199586087,26,,26,26,26,15,14.999999999999995,22.75018410465873,26.340020190665996,19.16034801865146,,,0.0,0.0,0.0,61.082505746470275,1.0180417624411713,1.4999999999993296,True,0.0,0.0,0.0,0.0,0.0,0.0,0.0,0.0,0.6332585595483606,0.9870200000000174,0.9054016320633628,100,1600,0.0,,,constant,,,0.0,False,False,0.0,0.17662628110681425,89.30776125516896,9880.832796322842,0.0,1870.748580372462,8770.990779958549,-6900.242199586087,0.2132881708925138,False,False,False,False,0,False,0.0,0.7300000000000001,ground_hx_capacity_insufficient,0.0
1.0,0.8400000000000001,100,1652137.7972935715,2478206.69593925,2478206.69593925,1652137.7972935715,1652137.7972935715,2478206.69593925,2478206.69593925,25.5,52.10137996621637,35.886061766390355,24.895727743156897,25.0,40.886061766390355,40.886061766390355,427034.2447756643,443276.4457518619,425226.7568422348,258500.96112658273,258500.96112658273,426314.4282378984,267980.71876012464,1764.698737219962,1783.1267078916344,1726.6217002517258,1195.603558148262,1199.3729696944135,1762.2864794922095,1226.030646166097,65.61154447429644,cooling,False,False,True,,False,True,6794.510306314303,26,,26,26,26,15,14.999999999999982,22.510055832503127,25.63058748428176,19.389524180724493,,,0.0,0.0,0.0,61.082505746470275,1.0180417624411713,1.4999999999993296,True,0.0,0.0,0.0,0.0,0.0,0.0,0.0,0.0,0.6332585595483606,0.9870200000000174,0.9054016320633628,100,1600,0.0,,,constant,,,0.0,False,False,0.0,0.1711102683166176,95.1100317836455,12571.057574173554,0.0,1976.4804736442452,8770.990779958549,-6794.510306314303,0.22534289719702405,False,False,False,False,0,False,0.0,0.8400000000000002,ground_hx_capacity_insufficient,0.0
1.0,0.9500000000000001,100,1652137.7972935715,2478206.69593925,2478206.69593925,1652137.7972935715,1652137.7972935715,2478206.69593925,2478206.69593925,25.5,52.10137996621637,35.886061766390355,24.895727743156897,25.0,40.886061766390355,40.886061766390355,427034.2447756643,443276.4457518619,425226.7568422348,258500.96112658273,258500.96112658273,426314.4282378984,267980.71876012464,1764.698737219962,1783.1267078916344,1726.6217002517258,1195.603558148262,1199.3729696944135,1762.2864794922095,1226.030646166097,65.61154447429644,cooling,False,False,True,,False,True,6702.017325687124,26,,26,26,26,15,15.000000000000014,22.3443983463425,25.104485370572036,19.584311322112967,,,0.0,0.0,0.0,61.082505746470275,1.0180417624411713,1.4999999999993296,True,0.0,0.0,0.0,0.0,0.0,0.0,0.0,0.0,0.6332585595483606,0.9870200000000174,0.9054016320633628,100,1600,0.0,,,constant,,,0.0,False,False,0.0,0.1672825453957708,100.24877408316868,15536.329648926243,0.0,2068.9734542714255,8770.990779958549,-6702.017325687124,0.23588822587739663,False,False,False,False,0,False,0.0,0.95,ground_hx_capacity_insufficient,0.0
1.0,1.06,100,1652137.7972935715,2478206.69593925,2478206.69593925,1652137.7972935715,1652137.7972935715,2478206.69593925,2478206.69593925,25.5,52.10137996621637,35.886061766390355,24.895727743156897,25.0,40.886061766390355,40.886061766390355,427034.2447756643,443276.4457518619,425226.7568422348,258500.96112658273,258500.96112658273,426314.4282378984,267980.71876012464,1764.698737219962,1783.1267078916344,1726.6217002517258,1195.603558148262,1199.3729696944135,1762.2864794922095,1226.030646166097,65.61154447429644,cooling,False,False,True,,False,True,6620.051675084951,26,,26,26,26,15,14.99999999999999,22.225612893722342,24.700240419088175,19.75098536835651,,,0.0,0.0,0.0,61.082505746470275,1.0180417624411713,1.4999999999993296,True,0.0,0.0,0.0,0.0,0.0,0.0,0.0,0.0,0.6332585595483606,0.9870200000000174,0.9054016320633628,100,1600,0.0,,,constant,,,0.0,False,False,0.0,0.16451282913096893,104.84359890268358,18769.57981606321,0.0,2150.9391048735974,8770.990779958549,-6620.051675084951,0.2452333104474843,False,False,False,False,0,False,0.0,1.06,ground_hx_capacity_insufficient,0.0
1.0,1.1700000000000002,100,1652137.7972935715,2478206.69593925,2478206.69593925,1652137.7972935715,1652137.7972935715,2478206.69593925,2478206.69593925,25.5,52.10137996621637,35.886061766390355,24.895727743156897,25.0,40.886061766390355,40.886061766390355,427034.2447756643,443276.4457518619,425226.7568422348,258500.96112658273,258500.96112658273,426314.4282378984,267980.71876012464,1764.698737219962,1783.1267078916344,1726.6217002517258,1195.603558148262,1199.3729696944135,1762.2864794922095,1226.030646166097,65.61154447429644,cooling,False,False,True,,False,True,6546.677290867499,26,,26,26,26,15,14.999999999999986,22.13790867091018,24.38092601458129,19.894891327239066,,,0.0,0.0,0.0,61.082505746470275,1.0180417624411713,1.4999999999993296,True,0.0,0.0,0.0,0.0,0.0,0.0,0.0,0.0,0.6332585595483606,0.9870200000000174,0.9054016320633628,100,1600,0.0,,,constant,,,0.0,False,False,0.0,0.1624401112001453,108.98507909328772,22264.7464228613,0.0,2224.313489091049,8770.990779958549,-6546.677290867499,0.2535988857921888,False,False,False,False,0,False,0.0,1.1700000000000002,ground_hx_capacity_insufficient,0.0
1.0,1.2800000000000002,100,1652137.7972935715,2478206.69593925,2478206.69593925,1652137.7972935715,1652137.7972935715,2478206.69593925,2478206.69593925,25.5,52.10137996621637,35.886061766390355,24.895727743156897,25.0,40.886061766390355,40.886061766390355,427034.2447756643,443276.4457518619,425226.7568422348,258500.96112658273,258500.96112658273,426314.4282378984,267980.71876012464,1764.698737219962,1783.1267078916344,1726.6217002517258,1195.603558148262,1199.3729696944135,1762.2864794922095,1226.030646166097,65.61154447429644,cooling,False,False,True,,False,True,6480.4594503780845,26,,26,26,26,15,15.000000000000025,22.071730606730995,24.123116449690485,20.020344763771504,,,0.0,0.0,0.0,61.082505746470275,1.0180417624411713,1.4999999999993296,True,0.0,0.0,0.0,0.0,0.0,0.0,0.0,0.0,0.6332585595483606,0.9870200000000174,0.9054016320633628,100,1600,0.0,,,constant,,,0.0,False,False,0.0,0.16084559408691862,112.74347293603206,26016.546090172757,0.0,2290.5313295804644,8770.990779958549,-6480.4594503780845,0.261148527805349,False,False,False,False,0,False,0.0,1.2800000000000002,ground_hx_capacity_insufficient,0.0
1.0,1.3900000000000001,100,1652137.7972935715,2478206.69593925,2478206.69593925,1652137.7972935715,1652137.7972935715,2478206.69593925,2478206.69593925,25.5,52.10137996621637,35.886061766390355,24.895727743156897,25.0,40.886061766390355,40.886061766390355,427034.2447756643,443276.4457518619,425226.7568422348,258500.96112658273,258500.96112658273,426314.4282378984,267980.71876012464,1764.698737219962,1783.1267078916344,1726.6217002517258,1195.603558148262,1199.3729696944135,1762.2864794922095,1226.030646166097,65.61154447429644,cooling,False,False,True,,False,True,6420.302921175844,26,,26,26,26,15,14.999999999999972,22.02102688303765,23.91127976499439,20.13077400108091,,,0.0,0.0,0.0,61.082505746470275,1.0180417624411713,1.4999999999993296,True,0.0,0.0,0.0,0.0,0.0,0.0,0.0,0.0,0.6332585595483606,0.9870200000000174,0.9054016320633628,100,1600,0.0,,,constant,,,0.0,False,False,0.0,0.15959038096754102,116.17437126885969,30020.312661080978,0.0,2350.6878587827055,8770.990779958549,-6420.302921175844,0.2680071063526776,False,False,False,False,0,False,0.0,1.39,ground_hx_capacity_insufficient,0.0
1.0,1.5,100,1652137.7972935715,2478206.69593925,2478206.69593925,1652137.7972935715,1652137.7972935715,2478206.69593925,2478206.69593925,25.5,52.10137996621637,35.886061766390355,24.895727743156897,25.0,40.886061766390355,40.886061766390355,427034.2447756643,443276.4457518619,425226.7568422348,258500.96112658273,258500.96112658273,426314.4282378984,267980.71876012464,1764.698737219962,1783.1267078916344,1726.6217002517258,1195.603558148262,1199.3729696944135,1762.2864794922095,1226.030646166097,65.61154447429644,cooling,False,False,True,,False,True,6365.351317046378,26,,26,26,26,15,15.000000000000016,21.981817050097078,23.7347360380017,20.228898062192457,,,0.0,0.0,0.0,61.082505746470275,1.0180417624411713,1.4999999999993296,True,0.0,0.0,0.0,0.0,0.0,0.0,0.0,0.0,0.6332585595483606,0.9870200000000174,0.9054016320633628,100,1600,0.0,,,constant,,,0.0,False,False,0.0,0.15858282301514878,119.32249725037511,34271.88008391488,0.0,2405.6394629121705,8770.990779958549,-6365.351317046378,0.27427225991492143,False,False,False,False,0,False,0.0,1.4999999999999998,ground_hx_capacity_insufficient,0.0
