kind,plr,ground_flow_L_min,P_ref_cmp_in [Pa],P_ref_cmp_out [Pa],P_ref_exp_in [Pa],P_ref_exp_out [Pa],P_ref_evap_sat [Pa],P_ref_cond_sat_l [Pa],P_ref_cond_sat_v [Pa],T_ref_cmp_in [°C],T_ref_cmp_out [°C],T_ref_exp_in [°C],T_ref_exp_out [°C],T_ref_evap_sat [°C],T_ref_cond_sat_l [°C],T_ref_cond_sat_v [°C],h_ref_cmp_in [J/kg],h_ref_cmp_out [J/kg],h_ref_cond_sat_v [J/kg],h_ref_exp_in [J/kg],h_ref_exp_out [J/kg],h_ref_evap_sat [J/kg],h_ref_cond_sat_l [J/kg],s_ref_cmp_in [J/(kg·K)],s_ref_cmp_out [J/(kg·K)],s_ref_cond_sat_v [J/(kg·K)],s_ref_exp_in [J/(kg·K)],s_ref_exp_out [J/(kg·K)],s_ref_evap_sat [J/(kg·K)],s_ref_cond_sat_l [J/(kg·K)],rho_ref_cmp_in [kg/m3],mode,hp_is_on,converged,converged_rps,capacity_clamped,iu_fan_flow_min_limit,iu_fan_flow_max_limit,err_Q_evap [W],T_iu_a_in [°C],T_iu_a_mid [°C],T_iu_a_out [°C],T_a_room [°C],T0 [°C],Ts [°C],T_bhe [°C],T_bhe_f [°C],T_bhe_f_in [°C],T_bhe_f_out [°C],dV_iu_a [m3/s],v_iu_a [m/s],dV_bhe_f [m3/s],m_dot_ref [kg/s],cmp_rpm [rpm],cmp_rps [rev/s],n_star [-],pressure_ratio,pr_floor_active,E_iu_fan [W],E_pmp [W],Q_ref_iu [W],Q_ref_ground [W],Q_bhe [W],E_cmp [W],E_cmp_ref [W],E_cmp_loss [W],eta_is [-],eta_v [-],eta_em [-],UA_ground_rated [W/K],UA_iu_rated [W/K],E_tot [W],cop_ref [-],cop_sys [-],ground_flow_control,ground_flow_ratio,ground_flow_ref_ratio,ground_flow [m3/s],ground_flow_at_min,ground_flow_at_max,m_dot_borehole [kg/s],R_b_eff [mK/W],UA_ground [W/K],ground_pressure_drop [Pa],E_cmp_plus_pmp [W],Q_HX_available [W],Q_ref_required [W],hx_capacity_margin [W],hx_capacity_ratio,hx_feasible,approach_solver_success,approach_at_bound,flow_optimizer_success,flow_optimizer_nfev,flow_bound_active,ground_temperature_residual [K],failure_reason,ground_approach [K],flow_optimizer_method
constant,0.3,24.0,1024124.575025306,1536186.8625379878,1536186.8625379878,1024124.575025306,1024124.575025306,1536186.8625379878,1536186.8625379878,13.066142501278819,37.4997730597853,17.177217502868416,7.966215192115897,8.066142501278819,22.177217502868416,22.177217502868416,429465.07488743,445321.84178410453,426093.01919898146,226856.88376760785,226856.88376760785,423596.35411340906,235113.50618739228,1815.8062120978445,1831.2192344563869,1767.7077927933,1093.0195974374803,1095.4466989389223,1795.1187660434286,1121.2152632672626,38.00959533817989,cooling,True,True,True,,False,False,7.794369594193995e-10,26,11.450906334473245,11.470516899333473,26,26,15,15.000000000000021,17.156232760838236,17.93237559807227,16.380089923604203,0.13399023580634092,0.16748779475792613,0.0004,0.01184552305972982,1731.364431992259,28.85607386653765,0.48093456444229415,1.5000000000000282,True,3.234933855434649,11.315435402000851,2400.0,2587.8316979273186,-2599.1471333293193,234.78962240914817,187.83169792731854,46.95792448182962,0.7,0.9,0.8,800,1600,249.33999166658367,10.221916860608607,9.625411406964629,constant,1.0,1.0,0.0004,False,False,0.2,0.165918484043359,519.8870685023049,16973.153103001274,246.105057811149,2587.831697926539,2587.8316979273186,-7.794369594193995e-10,0.9999999999996988,True,True,True,False,0,False,0.0,none,1.0,
optimal,0.3,12.714274352798387,1066646.3941954435,1599969.5912938816,1599969.5912938816,1066646.3941954435,1066646.3941954435,1599969.5912938816,1599969.5912938816,14.429718162693462,38.968642998930704,18.684465478239588,9.329320585634719,9.429718162693462,23.684465478239588,23.684465478239588,429855.88429152645,445688.05341951834,426227.9786153956,229300.11946466556,229300.11946466556,423919.2834793751,237626.30141430287,1813.3497657817122,1828.6646419082576,1764.7023897854997,1101.2130738494204,1103.7305095681659,1792.5231024149014,1129.500614954415,39.62889133627083,cooling,True,True,True,,False,False,-4.001776687800884e-11,26,12.693253437938495,12.713348920011464,26,26,15,14.999999999999975,17.535204800556556,18.995962472964038,16.074447128149075,0.14649985869305965,0.18312482336632455,0.0002119045725466398,0.011966746515972312,1677.6125409263382,27.96020901543897,0.4660034835906495,1.5000000000006717,True,3.624413882837138,2.0196241948284595,2400.0,2589.4595547526815,-2591.47917894751,236.82444344085164,189.45955475268133,47.36488868817031,0.7,0.9,0.8,800,1600,242.46848151851722,10.134089054027124,9.898193715609644,optimal_power,0.5297614313665995,0.5297614313665995,0.0002119045725466398,False,False,0.1059522862733199,0.1956569685106416,429.37076841692306,5718.4915942782045,238.8440676356801,2589.4595547527215,2589.4595547526815,4.001776687800884e-11,1.0000000000000155,True,True,True,True,17,False,0.0,none,1.0,bounded
constant,0.4,24.0,1070225.2420592539,1605337.8630897463,1605337.8630897463,1070225.2420592539,1070225.2420592539,1605337.8630897463,1605337.8630897463,14.542605588188735,39.09032186072841,18.80924830282777,9.442169728287126,9.542605588188735,23.80924830282777,23.80924830282777,429887.63217326626,445717.65001981973,426237.8524416798,229503.11209549586,229503.11209549586,423945.3117702735,237835.20981755335,1813.1467112443934,1828.453388743197,1764.4521154934228,1101.891640744221,1104.4166773046486,1792.308231407971,1130.1872789867218,39.76555344904157,cooling,True,True,True,,False,False,0.02488349972963988,26,13.31032380146479,13.332840987938356,26,26,15,14.999999999999991,17.87379914875649,18.908232288567206,16.839366008945774,0.20483175567460424,0.25603969459325526,0.0004,0.015969297422565677,2231.034433556766,37.1839072259461,0.6197317870991017,1.5000000000008087,True,5.678237615219559,11.315435402000851,3199.999999999999,3452.794263196134,-3464.109698598135,315.99282899516874,252.794263196135,63.19856579903373,0.7,0.9,0.8,800,1600,332.98650201238917,10.126812086767083,9.609999146094333,constant,1.0,1.0,0.0004,False,False,0.2,0.165918484043359,588.0203369984952,16973.153103001274,327.3082643971696,3452.7693796964045,3452.794263196134,-0.02488349972963988,0.9999927932283731,True,True,True,False,0,False,0.0,none,1.0,
optimal,0.4,15.247422052238813,1107901.4367420129,1661852.1551128002,1661852.1551128002,1107901.4367420129,1107901.4367420129,1661852.1551128002,1661852.1551128002,15.714130077113452,40.35375091040379,20.104221215665973,10.6133031088375,10.714130077113452,25.104221215665973,25.104221215665973,430211.5233242462,446018.16883569246,426328.21590145375,231616.38843650869,231616.38843650869,424208.9055399451,240011.37124913515,1811.0417935908822,1826.2627230164383,1761.8404464592088,1108.936291417342,1111.541334545464,1790.0779486135038,1137.3206002116426,41.20785724247292,cooling,True,True,True,,False,False,2.3646862246096134e-11,26,14.341125455015685,14.364425067998626,26,26,15,15.000000000000004,18.174488004639926,19.799849736772558,16.549126272507294,0.22294164369399375,0.27867705461749215,0.00025412370087064687,0.016113184252015567,2172.3451855853727,36.20575309308955,0.6034292182181591,1.4999999999998022,True,6.3950222002639965,3.300090620081494,3200.0,3454.695391532228,-3457.9954821523093,318.36923941528494,254.69539153222794,63.67384788305699,0.7,0.9,0.8,800,1600,328.06435223563045,10.051222303628018,9.75418383068215,optimal_power,0.6353092521766172,0.6353092521766172,0.00025412370087064687,False,False,0.12706185043532345,0.18360278496743856,508.0877747137154,7791.69501020598,321.66933003536644,3454.695391532204,3454.695391532228,-2.3646862246096134e-11,0.9999999999999931,True,True,True,True,17,False,0.0,none,1.0,bounded
constant,0.5,24.0,1117039.347601657,1675559.0214024843,1675559.0214024843,1117039.347601657,1117039.347601657,1675559.0214024843,1675559.0214024843,15.993744106615168,40.6554800712326,20.413297839462302,10.892825512188438,10.993744106615168,25.413297839462302,25.413297839462302,430287.3051964924,446088.0885101067,426346.4567124097,232122.59244992406,232122.59244992406,424270.0359360017,240532.9993655266,1810.5399617699268,1825.740245745692,1761.213040106871,1110.6184419503838,1113.2428881367784,1789.5454392764157,1139.0252006832286,41.55867310863966,cooling,True,True,True,,False,False,3.637978807091713e-12,26,14.975786351692363,15.00224768705691,26,26,15,14.999999999999991,18.59234909531517,19.88542657276207,17.29927161786827,0.29472041471766713,0.3684005183970839,0.0004,0.020185228462524383,2698.3575205105035,44.97262534184173,0.7495437556973621,1.499999999999999,True,9.601169283824818,11.315435402000851,3999.9999999999995,4318.942421072148,-4330.257856474149,398.678026340185,318.942421072148,79.73560526803698,0.7,0.9,0.8,800,1600,419.5946310260107,10.033158929574086,9.533010444435451,constant,1.0,1.0,0.0004,False,False,0.2,0.165918484043359,641.2251828217297,16973.153103001274,409.99346174218584,4318.9424210721445,4318.942421072148,-3.637978807091713e-12,0.9999999999999991,True,True,True,False,0,False,0.0,none,1.0,
optimal,0.5,17.821990428002216,1146247.6718858867,1719371.5078288303,1719371.5078288303,1146247.6718858867,1146247.6718858867,1719371.5078288303,1719371.5078288303,16.876118387099325,41.608094595296905,21.38863705929316,11.774915216243755,11.876118387099325,26.38863705929316,26.38863705929316,430522.5328935138,446304.093984577,426395.36895378784,233724.689707096,233724.689707096,424458.34637494624,242184.8688753877,1808.9574796539248,1824.092158062547,1759.222130217622,1115.928955431425,1118.6154228153084,1787.8641673321954,1144.4099504384715,42.68268843244498,cooling,True,True,True,,False,False,0.025245946370887395,26,15.725965668256833,15.753384869774115,26,26,15,14.999999999999996,18.804099523267524,20.5436324186997,17.064566627835347,0.3162400195909868,0.39530002448873347,0.00029703317380003696,0.020325426006884532,2645.546415153785,44.09244025256308,0.7348740042093846,1.5000000000000002,True,10.675144984670972,5.03688204060928,4000.0,4320.766952229533,-4325.803834270142,400.95869028691607,320.7669522295329,80.19173805738319,0.7,0.9,0.8,800,1600,416.6707173121963,9.976090048422943,9.599906674034271,optimal_power,0.7425829345000924,0.7425829345000924,0.00029703317380003696,False,False,0.14851658690001848,0.17587942814838076,580.1290044326565,10174.38283307732,405.99557232752534,4320.741706283162,4320.766952229533,-0.025245946370887395,0.9999941570682589,True,True,True,True,22,False,0.0,none,1.0,bounded
constant,0.6,24.0,1164820.6840278949,1747231.0260418437,1747231.0260418437,1164820.6840278949,1164820.6840278949,1747231.0260418437,1747231.0260418437,17.42844667832327,42.20473775033241,21.999146373125086,12.327069035551858,12.428446678323269,26.999146373125086,26.999146373125086,430666.7092459327,446435.675954188,426419.15629988513,234731.19681908537,234731.19681908537,424572.6128665632,243223.41062650204,1807.9676396540083,1823.060899340188,1757.9669607081728,1119.254925876622,1121.9808357248376,1786.8109158409945,1147.7850958782628,43.39957196473094,cooling,True,True,True,,False,False,1.1823431123048067e-11,26,16.49401207495646,16.525624880646106,26,26,15,15.00000000000004,19.311907244925777,20.863991965902585,17.75982252394897,0.410149162061789,0.5126864525772362,0.0004,0.024497856159648872,3135.9572162955997,52.26595360492666,0.8710992267487776,1.500000000000001,True,15.962724601241923,11.315435402000851,4800.0,5186.30587820513,-5197.621313607131,482.88234775641234,386.3058782051299,96.57646955128246,0.7,0.9,0.8,800,1600,510.1605077596551,9.940309523224354,9.408803556902052,constant,1.0,1.0,0.0004,False,False,0.2,0.165918484043359,684.3302341135808,16973.153103001274,494.1977831584132,5186.3058782051185,5186.30587820513,-1.1823431123048067e-11,0.9999999999999977,True,True,True,False,0,False,0.0,none,1.0,
optimal,0.6,20.55552422961645,1182213.9627229616,1773320.9440844427,1773320.9440844427,1182213.9627229616,1182213.9627229616,1773320.9440844427,1773320.9440844427,17.939720651979655,42.757269635512614,22.56426648841125,12.838184125077646,12.939720651979655,27.56426648841125,27.56426648841125,430798.03375119047,446554.9538527754,426436.37269642873,235665.44381586183,235665.44381586183,424675.86709099234,244187.93938370826,1807.0517487725883,1822.1064258629606,1756.7986001762538,1122.335035245476,1125.097887848642,1785.8352132098364,1150.9126521943244,44.07245303958666,cooling,True,True,True,,False,False,-2.091837814077735e-11,26,16.914009866827712,16.946469026975393,26,26,15,15.000000000000014,19.427429688487905,21.23868954771399,17.61616982926182,0.4291082121918589,0.5363852652398235,0.0003425920704936075,0.024598658797030416,3100.7853231202744,51.679755385337906,0.8613292564222984,1.5000000000000002,True,17.14771493537358,7.421676442096206,4800.000000000001,5187.599101270958,-5195.0207777130545,484.49887658869676,387.5991012709574,96.89977531773934,0.7,0.9,0.8,800,1600,509.06826796616656,9.90714371475177,9.42899077009258,optimal_power,0.8564801762340187,0.8564801762340187,0.0003425920704936075,False,False,0.17129603524680376,0.1704489694240233,648.581214767815,12997.982874623518,491.920553030793,5187.599101270979,5187.599101270958,2.091837814077735e-11,1.000000000000004,True,True,True,True,16,False,0.0,none,1.0,bounded
constant,0.7,24.0,1213726.5389335386,1820589.8084003064,1820589.8084003064,1213726.5389335386,1213726.5389335386,1820589.8084003064,1820589.8084003064,18.851804824322585,43.743517009721245,23.572377752138152,13.749991387637124,13.851804824322585,28.572377752138152,28.572377752138152,431027.1341269078,446761.63018178334,426455.32600717444,237338.2812561053,237338.2812561053,424853.9457305146,245916.36180962963,1805.4184434476304,1820.4037108438483,1754.6979470067945,1127.833288780695,1130.663093217951,1784.0924625205885,1156.5003305256646,45.295388922194945,cooling,True,True,True,,False,False,3.9108272176235914e-11,26,17.89263647840005,17.930956961941888,26,26,15,14.99999999999997,20.032503985649925,21.843969794329837,18.221038176970012,0.5610560243885995,0.7013200304857493,0.0004,0.028912350488932908,3546.1483653196765,59.102472755327945,0.9850412125887991,1.4999999999999987,True,26.4691113532354,11.315435402000851,5600.0,6054.921264705295,-6066.236700107295,568.6515808816174,454.92126470529394,113.73031617632347,0.7,0.9,0.8,800,1600,606.4361276368536,9.847857964833153,9.234278343247707,constant,1.0,1.0,0.0004,False,False,0.2,0.165918484043359,720.2001545287451,16973.153103001274,579.9670162836182,6054.921264705255,6054.921264705295,-3.9108272176235914e-11,0.9999999999999936,True,True,True,False,0,False,0.0,none,1.0,
optimal,0.7,23.5790243257493,1215942.857084012,1823914.285626017,1823914.285626017,1215942.857084012,1215942.857084012,1823914.285626017,1823914.285626017,18.915279925148525,43.81217999207058,23.642533965181144,13.81344753927192,13.915279925148525,28.642533965181144,28.642533965181144,431042.8283353996,446775.7190603942,426456.07323312847,237454.9988023315,237454.9988023315,424866.04292356287,246037.0247255729,1805.3047934174567,1820.2852026073133,1754.5509424505835,1128.2161086808576,1131.0506231272752,1783.9710617103153,1156.8896087449664,45.38158737505348,cooling,True,True,True,,False,False,0.028458712305109657,26,17.942993484793305,17.981468825414403,26,26,15,15.000000000000028,20.04606877077373,21.889772287087283,18.202365254460176,0.5645626743762843,0.7057033429703553,0.0003929837387624884,0.02892743832867564,3541.259793023608,59.02099655039346,0.983683275839891,1.4999999999999993,True,26.742178633108114,10.782708280374472,5600.0,6055.112226179074,-6065.894934459448,568.8902827238425,455.112226179074,113.77805654476845,0.7,0.9,0.8,800,1600,606.415169637325,9.843725881882252,9.234597484342547,optimal_power,0.9824593469062208,0.9824593469062208,0.0003929837387624884,False,False,0.1964918693812442,0.16637507986192554,715.7172995755576,16462.831232146214,579.6729910042169,6055.083767466769,6055.112226179074,-0.028458712305109657,0.9999953000520483,True,True,True,True,18,False,0.0,none,1.0,bounded
constant,0.8,24.0,1263865.1002175193,1895797.6503262802,1895797.6503262802,1263865.1002175193,1263865.1002175193,1895797.6503262802,1895797.6503262802,20.26696888476056,45.27515626022898,25.136429632503337,15.164743461032401,15.266968884760558,30.136429632503337,30.136429632503337,431369.18027686334,447066.4917488601,426453.7726901706,239949.88881599205,239949.88881599205,425114.31245710014,248618.43465983865,1802.8846416199415,1817.760736552708,1751.3937794077995,1136.3741482584383,1139.3105547481412,1781.3815552199362,1165.192788507919,47.25155018956145,cooling,True,True,True,,False,False,1.2378222891129553e-09,26,19.188867642192292,19.23601744177947,26,26,15,15.00000000000005,20.75417457447631,22.8254080058976,18.682941143055018,0.7632353970348049,0.9540442462935061,0.0004,0.033434456637868426,3931.0240738414,65.51706789735667,1.0919511316226111,1.5000000000000009,True,44.303751785388485,11.315435402000851,6399.999999999999,6924.83107974159,-6936.1465151435905,656.0388496769883,524.8310797415907,131.20776993539766,0.7,0.9,0.8,800,1600,711.6580368643777,9.755519818911862,8.99308329067555,constant,1.0,1.0,0.0004,False,False,0.2,0.165918484043359,750.6688990507745,16973.153103001274,667.3542850789892,6924.831079740352,6924.83107974159,-1.2378222891129553e-09,0.9999999999998213,True,True,True,False,0,False,0.0,none,1.0,
optimal,0.8,26.963158328572487,1247869.334456745,1871804.001685116,1871804.001685116,1247869.334456745,1247869.334456745,1871804.001685116,1871804.001685116,19.820143844873087,44.79137237956411,24.64261069274812,14.718046082253807,14.820143844873087,29.64261069274812,29.64261069274812,431262.9711583655,446972.33965967316,426458.43245318026,239123.1522714617,239123.1522714617,425034.2338165593,247762.55662433032,1803.684713206015,1818.5954730548578,1752.4432330588697,1133.6760561020003,1136.578440835112,1782.2385342425569,1162.445076191547,46.626068977762074,cooling,True,True,True,,False,False,-3.3651303965598345e-11,26,18.846890593488695,18.892462760038992,26,26,15,14.999999999999986,20.663742699944635,22.508062442962682,18.819422956926587,0.7267465117529356,0.9084331396911695,0.0004493859721428748,0.033309076885136076,3968.8189718053036,66.14698286342173,1.1024497143903622,1.4999999999999987,True,40.77413742005271,15.544650525648533,6399.999999999999,6923.264563226991,-6938.80921375264,654.0807040337402,523.2645632269922,130.81614080674797,0.7,0.9,0.8,800,1600,710.3994919794414,9.784725280123629,9.009015451527395,optimal_power,1.1234649303571869,1.1234649303571869,0.0004493859721428748,False,False,0.2246929860714374,0.1632482613506414,782.5087928415064,20754.52037569126,669.6253545593887,6923.264563227025,6923.264563226991,3.3651303965598345e-11,1.0000000000000049,True,True,True,True,17,False,0.0,none,1.0,bounded
constant,0.9,24.0,1315319.6251661235,1972979.4377491837,1972979.4377491837,1315319.6251661235,1315319.6251661235,1972979.4377491837,1972979.4377491837,21.67606609826686,46.80189217140895,26.693607621911383,16.57345370016776,16.67606609826686,31.693607621911383,31.693607621911383,431693.0652774304,447350.4228408778,426412.8968534009,242570.3446188983,242570.3446188983,425353.63127041474,251334.51549767732,1800.3603662596372,1815.1259612834292,1748.0439384645304,1144.8920667578466,1147.9380113212214,1778.6715582720449,1173.8784511528308,49.272679669275405,cooling,True,True,True,,False,False,-3.183231456205249e-11,26,20.393512940848552,20.452509814207694,26,26,15,14.999999999999986,21.47695915913073,23.808361199633282,19.145557118628176,1.0431326089465442,1.3039157611831802,0.0004,0.038070518311757263,4292.498011664826,71.5416335277471,1.1923605587957848,1.499999999999999,True,75.76535604270813,11.315435402000851,7200.0,7796.083717832955,-7807.3991532349555,745.1046472911933,596.0837178329547,149.02092945823858,0.7,0.9,0.8,800,1600,832.1854387359023,9.663072195530379,8.651917787622995,constant,1.0,1.0,0.0004,False,False,0.2,0.165918484043359,776.9770828865576,16973.153103001274,756.4200826931941,7796.083717832987,7796.083717832955,3.183231456205249e-11,1.000000000000004,True,True,True,False,0,False,0.0,none,1.0,
optimal,0.9,30.818329434278063,1278197.407666631,1917296.111499947,1917296.111499947,1278197.407666631,1278197.407666631,1917296.111499947,1917296.111499947,20.66373114533104,45.70487640606353,25.574906406041237,15.561394315096322,15.663731145331042,30.574906406041237,30.574906406041237,431462.0861687286,447148.4452211215,426446.3305643461,240685.68176935145,240685.68176935145,425183.7436603407,249380.56968629317,1802.174100724266,1817.0192636413155,1750.456884307174,1138.7710908179088,1141.737992439716,1780.6196953212793,1167.6352015854661,47.81311770868473,cooling,True,True,True,,False,False,8.676579454913735e-10,26,19.647302193277426,19.7011694075904,26,26,15,15.000000000000012,21.282526958236133,23.0997530415018,19.465300874970467,0.9206024984946273,1.150753123118284,0.0005136388239046344,0.03774051630057614,4385.188522544653,73.08647537574421,1.2181079229290703,1.5000000000000004,True,61.0518483412596,22.39566286769026,7199.999999999999,7792.0112895135235,-7814.406952381214,740.0141118919047,592.0112895135238,148.00282237838087,0.7,0.9,0.8,800,1600,823.4616231008546,9.729544186113733,8.743576868691754,optimal_power,1.284097059761586,1.284097059761586,0.0005136388239046344,False,False,0.25681941195231717,0.16079344207487692,849.9044122076708,26161.179987260915,762.4097747595949,7792.011289512656,7792.0112895135235,-8.676579454913735e-10,0.9999999999998886,True,True,True,True,16,False,0.0,none,1.0,bounded
constant,1.0,24.0,1368159.3951792314,2052239.0927688468,2052239.0927688468,1368159.3951792314,1368159.3951792314,2052239.0927688468,2052239.0927688468,23.08062272325145,48.325310294972724,28.24555142877898,17.97765008682461,18.08062272325145,33.24555142877898,33.24555142877898,431998.7653757081,447613.34562692937,426330.7551654109,245202.98972010516,245202.98972010516,425571.5822295734,254068.55705120755,1797.8408220695972,1812.4944799547436,1744.638639309584,1153.3980986860317,1156.5567220941377,1775.9568935481257,1182.5699896558458,51.36301752475126,cooling,True,True,True,,False,False,-6.730260793119669e-11,26,21.512884311933306,21.588187310929058,26,26,15,14.999999999999952,22.20090302229451,24.79289095786328,19.608915086725744,1.4481734121536287,1.8102167651920358,0.0004,0.042827520975365484,4632.334382821407,77.20557304702346,1.2867595507837244,1.4999999999999998,True,134.25639850745338,11.315435402000851,8000.000000000001,8668.733763230706,-8680.049198632707,835.9172040383824,668.7337632307059,167.18344080767645,0.7,0.9,0.8,800,1600,981.4890379478366,9.570325818575531,8.150880642260601,constant,1.0,1.0,0.0004,False,False,0.2,0.165918484043359,800.0,16973.153103001274,847.2326394403832,8668.733763230774,8668.733763230706,6.730260793119669e-11,1.0000000000000078,True,True,True,False,0,False,0.0,none,1.0,
optimal,1.0,35.20515983122676,1307383.8881486207,1961075.83222293,1961075.83222293,1307383.8881486207,1307383.8881486207,1961075.83222293,1961075.83222293,21.46147757653989,46.56928344465814,26.45648098253247,16.358922519889063,16.46147757653989,31.45648098253247,31.45648098253247,431644.83900826785,447308.47145215626,426421.7461619937,242169.96109395285,242169.96109395285,425318.5012921465,250919.19021555613,1800.7449515079766,1815.5274903937525,1748.558199797225,1143.5939315899416,1146.6229713957227,1779.0850573216862,1172.5536264868078,48.960047914106646,cooling,True,True,True,,False,False,6.184563972055912e-11,26,20.366285517898348,20.42982272359607,26,26,15,14.99999999999999,21.905502240400324,23.675263696212483,20.135740784588165,1.1534346757112508,1.4417933446390634,0.0005867526638537793,0.04222195621953528,4790.97618232269,79.84960303871149,1.3308267173118582,1.4999999999999991,True,90.22424675523128,32.23814185660922,8000.0,8661.349203284748,-8693.587345141357,826.6865041059357,661.3492032847486,165.3373008211871,0.7,0.9,0.8,800,1600,949.1488927177762,9.677187132324155,8.428603838005795,optimal_power,1.4668816596344483,1.4668816596344483,0.0005867526638537793,False,False,0.29337633192688967,0.1588642746946037,918.0181572710171,32965.994541757784,858.9246459625449,8661.349203284686,8661.349203284748,-6.184563972055912e-11,0.9999999999999929,True,True,True,True,15,False,0.0,none,1.0,bounded
