kind,plr,prescribed_ratio_new,cooling_load_W_new,indoor_fan_flow_ratio_to_ref,indoor_fan_flow_L_s,indoor_fan_flow_min_m3_s,indoor_fan_flow_max_m3_s,indoor_fan_reference_power_W,ground_flow_L_min_new,P_ref_cmp_in [Pa]_new,P_ref_cmp_out [Pa]_new,P_ref_exp_in [Pa]_new,P_ref_exp_out [Pa]_new,P_ref_evap_sat [Pa]_new,P_ref_cond_sat_l [Pa]_new,P_ref_cond_sat_v [Pa]_new,T_ref_cmp_in [°C]_new,T_ref_cmp_out [°C]_new,T_ref_exp_in [°C]_new,T_ref_exp_out [°C]_new,T_ref_evap_sat [°C]_new,T_ref_cond_sat_l [°C]_new,T_ref_cond_sat_v [°C]_new,h_ref_cmp_in [J/kg]_new,h_ref_cmp_out [J/kg]_new,h_ref_cond_sat_v [J/kg]_new,h_ref_exp_in [J/kg]_new,h_ref_exp_out [J/kg]_new,h_ref_evap_sat [J/kg]_new,h_ref_cond_sat_l [J/kg]_new,s_ref_cmp_in [J/(kg·K)]_new,s_ref_cmp_out [J/(kg·K)]_new,s_ref_cond_sat_v [J/(kg·K)]_new,s_ref_exp_in [J/(kg·K)]_new,s_ref_exp_out [J/(kg·K)]_new,s_ref_evap_sat [J/(kg·K)]_new,s_ref_cond_sat_l [J/(kg·K)]_new,rho_ref_cmp_in [kg/m3]_new,mode_new,hp_is_on_new,converged_new,Q_iu_HX_available [W],Q_iu_ref_required [W],iu_hx_capacity_margin [W],iu_hx_min_flow_margin [W],iu_hx_max_flow_margin [W],converged_rps_new,capacity_clamped_new,iu_fan_flow_min_limit_new,iu_fan_flow_max_limit_new,err_Q_evap [W]_new,T_iu_a_in [°C]_new,T_iu_a_mid [°C]_new,T_iu_a_out [°C]_new,T_a_room [°C]_new,T0 [°C]_new,Ts [°C]_new,T_bhe [°C]_new,T_bhe_f [°C]_new,T_bhe_f_in [°C]_new,T_bhe_f_out [°C]_new,dV_iu_a [m3/s]_new,v_iu_a [m/s]_new,dV_bhe_f [m3/s]_new,m_dot_ref [kg/s]_new,cmp_rpm [rpm]_new,cmp_rps [rev/s]_new,n_star [-]_new,pressure_ratio_new,pr_floor_active_new,E_iu_fan [W]_new,E_pmp [W]_new,Q_ref_iu [W]_new,Q_ref_ground [W]_new,Q_bhe [W]_new,E_cmp [W]_new,E_cmp_ref [W]_new,E_cmp_loss [W]_new,eta_is [-]_new,eta_v [-]_new,eta_em [-]_new,UA_ground_rated [W/K]_new,UA_iu_rated [W/K]_new,E_tot [W]_new,cop_ref [-]_new,cop_sys [-]_new,ground_flow_control_new,ground_flow_ratio_new,ground_flow_ref_ratio_new,ground_flow [m3/s]_new,ground_flow_at_min_new,ground_flow_at_max_new,m_dot_borehole [kg/s]_new,R_b_eff [mK/W]_new,UA_ground [W/K]_new,ground_pressure_drop [Pa]_new,ground_pressure_drop_bhe [Pa],ground_pressure_drop_aux [Pa],ground_pressure_drop_total [Pa],E_cmp_plus_pmp [W]_new,Q_HX_available [W]_new,Q_ref_required [W]_new,hx_capacity_margin [W]_new,hx_capacity_ratio_new,hx_feasible_new,approach_solver_success_new,approach_at_bound_new,flow_optimizer_success_new,flow_optimizer_nfev_new,flow_bound_active_new,ground_temperature_residual [K]_new,candidate_ground_flow_ratio,failure_reason_new,Q_ref_tank [W],ground_approach [K]_new,flow_optimizer_method_new,prescribed_ratio_previous,cooling_load_W_previous,ground_flow_L_min_previous,P_ref_cmp_in [Pa]_previous,P_ref_cmp_out [Pa]_previous,P_ref_exp_in [Pa]_previous,P_ref_exp_out [Pa]_previous,P_ref_evap_sat [Pa]_previous,P_ref_cond_sat_l [Pa]_previous,P_ref_cond_sat_v [Pa]_previous,T_ref_cmp_in [°C]_previous,T_ref_cmp_out [°C]_previous,T_ref_exp_in [°C]_previous,T_ref_exp_out [°C]_previous,T_ref_evap_sat [°C]_previous,T_ref_cond_sat_l [°C]_previous,T_ref_cond_sat_v [°C]_previous,h_ref_cmp_in [J/kg]_previous,h_ref_cmp_out [J/kg]_previous,h_ref_cond_sat_v [J/kg]_previous,h_ref_exp_in [J/kg]_previous,h_ref_exp_out [J/kg]_previous,h_ref_evap_sat [J/kg]_previous,h_ref_cond_sat_l [J/kg]_previous,s_ref_cmp_in [J/(kg·K)]_previous,s_ref_cmp_out [J/(kg·K)]_previous,s_ref_cond_sat_v [J/(kg·K)]_previous,s_ref_exp_in [J/(kg·K)]_previous,s_ref_exp_out [J/(kg·K)]_previous,s_ref_evap_sat [J/(kg·K)]_previous,s_ref_cond_sat_l [J/(kg·K)]_previous,rho_ref_cmp_in [kg/m3]_previous,mode_previous,hp_is_on_previous,converged_previous,converged_rps_previous,capacity_clamped_previous,iu_fan_flow_min_limit_previous,iu_fan_flow_max_limit_previous,err_Q_evap [W]_previous,T_iu_a_in [°C]_previous,T_iu_a_mid [°C]_previous,T_iu_a_out [°C]_previous,T_a_room [°C]_previous,T0 [°C]_previous,Ts [°C]_previous,T_bhe [°C]_previous,T_bhe_f [°C]_previous,T_bhe_f_in [°C]_previous,T_bhe_f_out [°C]_previous,dV_iu_a [m3/s]_previous,v_iu_a [m/s]_previous,dV_bhe_f [m3/s]_previous,m_dot_ref [kg/s]_previous,cmp_rpm [rpm]_previous,cmp_rps [rev/s]_previous,n_star [-]_previous,pressure_ratio_previous,pr_floor_active_previous,E_iu_fan [W]_previous,E_pmp [W]_previous,Q_ref_iu [W]_previous,Q_ref_ground [W]_previous,Q_bhe [W]_previous,E_cmp [W]_previous,E_cmp_ref [W]_previous,E_cmp_loss [W]_previous,eta_is [-]_previous,eta_v [-]_previous,eta_em [-]_previous,UA_ground_rated [W/K]_previous,UA_iu_rated [W/K]_previous,E_tot [W]_previous,cop_ref [-]_previous,cop_sys [-]_previous,ground_flow_control_previous,ground_flow_ratio_previous,ground_flow_ref_ratio_previous,ground_flow [m3/s]_previous,ground_flow_at_min_previous,ground_flow_at_max_previous,m_dot_borehole [kg/s]_previous,R_b_eff [mK/W]_previous,UA_ground [W/K]_previous,ground_pressure_drop [Pa]_previous,E_cmp_plus_pmp [W]_previous,Q_HX_available [W]_previous,Q_ref_required [W]_previous,hx_capacity_margin [W]_previous,hx_capacity_ratio_previous,hx_feasible_previous,approach_solver_success_previous,approach_at_bound_previous,flow_optimizer_success_previous,flow_optimizer_nfev_previous,flow_bound_active_previous,ground_temperature_residual [K]_previous,failure_reason_previous,ground_approach [K]_previous,flow_optimizer_method_previous,interpretation
constant,0.3,,2400.0,0.15,240.0,0.24,1.6,160.0,,933176.1684178826,1440715.7836632726,1440715.7836632726,933176.1684178826,933176.1684178826,1440715.7836632726,1440715.7836632726,10.0,37.14296937571112,16.994167049300188,4.903712659295422,5.0,19.83069306187531,19.83069306187531,428538.4888373428,446925.7333308745,425827.5671838688,226584.038272147,226584.038272147,422814.80246487225,231239.0897853616,1821.3618044484456,1842.339333797808,1772.329243834077,1092.3790693243554,1095.4115290343143,1800.965247799539,1108.344857542968,34.57268748692573,cooling,False,False,3136.066044090933,2400.0,736.0660440909332,736.066044090936,11407.001478556322,True,,True,False,-3.151567398163025e-07,26,15.386177804545524,15.410221761630847,26,26,15,14.999999998720773,17.24861986328824,18.058017732221344,16.439221994355137,0.24,0.3,0.0,0.0,0.0,29.74025344936044,0.4956708908226739,1.543884030071062,False,,,0.0,0.0,0.0,,0.0,0.0,0.6491994616993401,0.9631607173818828,0.8862772617824825,1600,800,,,,constant,,,0.0,False,False,0.0,0.165918484043359,1058.957969137304,0.0,0.0,0.0,0.0,0.0,2618.511583798336,2618.5115834831786,3.151567398163025e-07,1.0000000001203573,False,False,False,False,0,False,1.2792042980436236e-09,1.0,load_hx_capacity_insufficient,0.0,,,1.0,2400.0,24.0,957482.3474083974,1436223.5211125975,1436223.5211125975,957482.3474083974,957482.3474083974,1436223.5211125975,1436223.5211125975,10.840719777871584,36.353094003304136,16.896176058950175,5.743333847042038,5.840719777871584,19.71743519293693,19.71743519293693,428798.97018746106,446119.5990103994,425813.11846077297,226425.77761990036,226425.77761990036,423036.50709647685,231053.20254677112,1819.8333463933695,1840.029963547417,1772.5507542741682,1091.847620234705,1094.5697465429778,1799.3599208068372,1107.7244088329126,35.487773582894064,cooling,True,True,True,,False,False,8.418282959610224e-09,26,15.230336158090664,15.251841470530058,26,26,15,14.99999445611308,17.170810173017486,17.952202191648837,16.389418154386135,0.1810118235463597,0.2262647794329496,0.0004,0.0118592782450609,1735.061521282427,28.917692021373785,0.481961533689563,1.5000000000000016,True,4.792419764622363,11.315435402000851,2400.0,2605.410156590648,-2616.725591992649,233.05237166965816,205.41015659064828,27.642215079009876,0.6422418855229064,0.96301850165602,0.8813905437607323,1600,800,249.16022683628137,10.29811446588451,9.63235597620882,constant,1.0,1.0,0.0004,False,False,0.2,0.165918484043359,1058.3233980511934,16973.153103001274,244.367807071659,2605.41015658223,2605.410156590648,-8.418282959610224e-09,0.9999999999967688,True,True,True,False,0,False,5.543886970826861e-06,none,1.0,,Both auxiliary pressure and fan validity changed; matched UA1600/800. Previous low-load points below the new fan domain are not comparable steady operating points.
optimal,0.3,,2400.0,0.15,240.0,0.24,1.6,160.0,,933176.1684178826,1517226.104159673,1517226.104159673,933176.1684178826,933176.1684178826,1517226.104159673,1517226.104159673,10.0,40.13313872518626,16.72009625730584,4.90348448299676,5.0,21.72009625730584,21.72009625730584,428538.4888373428,448768.0742903744,426046.4849473746,226119.0216964216,226119.0216964216,422814.80246487225,234355.2160749631,1821.3618044484456,1843.4165276535225,1768.6132293836342,1090.5355787140668,1093.739547703353,1800.965247799539,1118.7054773457526,34.57268748692573,cooling,False,False,3136.066044090933,2400.0000000000005,736.0660440909328,736.0660440909355,11407.001478556322,True,,True,False,6.824911906733178e-07,26,15.386177804545524,15.410221761630847,26,26,15,14.999997057631797,17.954273554076167,19.929582049676583,15.978965058475753,0.24,0.3,0.0,0.0,0.0,29.7377637830179,0.4956293963836317,1.6258731796933854,False,,,0.0,0.0,0.0,,0.0,0.0,0.6616783750621585,0.9610285074357862,0.8917890751191051,1600,800,,,,optimal_power,,,0.0,False,False,0.0,0.2233042563235414,779.3077428170848,0.0,0.0,0.0,0.0,0.0,2639.853437195969,2639.85343787846,-6.824911906733178e-07,0.9999999997414664,False,False,False,False,10,False,2.94236821218874e-06,,load_hx_capacity_insufficient,0.0,,,,2400.0,10.004199745340294,1004910.3527403164,1507365.529110478,1507365.529110478,1004910.3527403164,1004910.3527403164,1507365.529110478,1507365.529110478,12.435977820509038,38.029757030200585,16.48067030424562,7.336272541018218,7.435977820509038,21.48067030424562,21.48067030424562,429279.964943956,446550.5430672064,426021.0949050569,225733.1234948738,225733.1234948738,423441.8850679714,233958.7378224076,1816.9440629363237,1836.9203039596675,1769.0864215046035,1089.2346681417814,1091.6209295785618,1796.3188306830457,1117.3914475000772,37.280533216089125,cooling,True,True,True,,False,False,-5.4569682106375694e-12,26,16.277922713994485,16.300254939760773,26,26,15,14.999999999999996,17.84372022514492,19.709655162934496,15.977785287355346,0.2005164568918553,0.2506455711148192,0.0001667366624223,0.0117908977752443,1646.369064638175,27.439484410636243,0.4573247401772707,1.500000000000003,True,5.512951631886395,1.059041566146399,2400.0,2603.635621170617,-2604.694662736764,231.66586764324424,203.635621170617,28.030246472627223,0.6431222100308513,0.9605225519346616,0.8790057130220295,1600,800,238.23786084127704,10.359747961214122,10.073965538160072,optimal_power,0.4168416560558455,0.4168416560558455,0.0001667366624223,False,False,0.0833683312111691,0.2183534420235666,791.0980744750575,3810.949136539208,232.72490920939063,2603.6356211706225,2603.635621170617,5.4569682106375694e-12,1.000000000000002,True,True,True,True,20,False,0.0,none,1.0,bounded,Both auxiliary pressure and fan validity changed; matched UA1600/800. Previous low-load points below the new fan domain are not comparable steady operating points.
constant,0.4,,3200.0,0.1746956125519772,279.51298008316365,0.24,1.6,160.0,24.0,992592.1868179224,1488888.2802268828,1488888.2802268828,992592.1868179224,992592.1868179224,1488888.2802268828,1488888.2802268828,12.02719557159594,37.69920655263269,17.4493822155427,6.928793782946514,7.027195571595939,21.028833527208008,21.028833527208008,429158.39081594936,446556.6170977173,425971.2977869135,227312.68508199276,227312.68508199276,423339.94987625256,233211.79702346367,1817.683176865988,1838.084382966742,1769.9775242893568,1094.737232916705,1097.373955557453,1797.0976097516143,1114.9125852132388,36.81398336696191,cooling,True,True,3199.999999989323,3200.0000000000005,-1.0677467798814178e-08,-366.6682033763759,9274.168514063562,True,,False,False,1.3954831956652924e-08,26,16.700794453610968,16.726580739502104,26,26,15,14.999999998122425,17.95984152961526,19.025245898632875,16.894437160597647,0.2795129800831636,0.3493912251039545,0.0004,0.0158536937328643,2212.9135477523773,36.881892462539625,0.6146982077089937,1.4999999999999991,True,8.87345853790716,92.0,3200.0000000000005,3475.82615096622,-3567.82615096622,309.54098771609284,275.8261509662195,33.71483674987337,0.638666374204536,0.973023230668388,0.8910811876687678,1600,800,410.414446254,10.337887798351929,7.796996497583234,constant,1.0,1.0,0.0004,False,False,0.2,0.165918484043359,1190.5370937920936,138000.0,16973.153103001274,121026.84689699872,138000.0,401.5409877160928,3475.826150952265,3475.82615096622,-1.3954831956652924e-08,0.9999999999959852,True,True,True,False,0,False,1.8775381249724887e-09,,none,,1.0,,1.0,3200.0,24.0,990116.1388531032,1485174.2082796537,1485174.2082796537,990116.1388531032,990116.1388531032,1485174.2082796537,1485174.2082796537,11.944566706697517,37.61192422088664,17.35828184150023,6.846193065335399,6.944566706697515,20.937502664536453,20.937502664536453,429133.6747603156,446533.9852671026,425960.935683447,227165.19442456728,227165.19442456728,423319.1811964313,233061.01791042648,1817.8326776716065,1838.2436539118733,1770.157352607652,1094.241271165669,1096.872571747753,1797.2550631441793,1114.4116705511915,36.72028252387527,cooling,True,True,True,,False,False,1.3789758668281138e-08,26,16.64994216350334,16.675661076047568,26,26,15,14.999999998333951,17.892794522522763,18.934065108109337,16.85152393693619,0.2779927889376267,0.3474909861720334,0.0004,0.0158440564323719,2217.057009479804,36.950950157996736,0.6158491692999456,1.499999999999999,True,8.802140219988383,11.315435402000851,3200.0000000000005,3475.6915016103285,-3487.006937012329,309.36679655357585,275.6915016103283,33.675294943247536,0.6386418550503558,0.9730911218312056,0.8911476754506339,1600,800,329.48437217556506,10.343708619182172,9.712145006667834,constant,1.0,1.0,0.0004,False,False,0.2,0.165918484043359,1190.567907798891,16973.153103001274,320.6822319555767,3475.6915015965387,3475.6915016103285,-1.3789758668281138e-08,0.9999999999960324,True,True,True,False,0,False,1.666023763391422e-09,none,1.0,,Both auxiliary pressure and fan validity changed; matched UA1600/800. Previous low-load points below the new fan domain are not comparable steady operating points.
optimal,0.4,,3200.0,0.2047615629045594,327.6185006472951,0.24,1.6,160.0,9.6,1061837.275396204,1592755.913094856,1592755.913094856,1061837.275396204,1061837.275396204,1592755.913094856,1592755.913094856,14.277574823120233,40.0749038114397,18.516290333151066,9.177229002471734,9.277574823120233,23.516290333151066,23.516290333151066,429812.9482707479,447146.1946272899,426214.3524008827,229026.71380375352,229026.71380375352,423884.031363248,237344.96169234772,1813.6235006469249,1833.74231116322,1765.0393274127205,1100.2986038371212,1102.805825421622,1792.8126911511265,1128.575353317976,39.44534235604146,cooling,True,True,3199.999999999415,3200.0000000000005,-5.852598405908792e-10,-702.7319156160006,7794.597578201257,True,,False,False,3.2287061912938946e-11,26,18.06623359318905,18.094160151840796,26,26,15,15.000000000000012,18.8881265596674,21.48783225225378,16.288420867081015,0.3276185006472951,0.4095231258091188,0.0001599999999999,0.0159373475402569,2081.110779883304,34.68517966472173,0.5780863277453622,1.500000000000518,True,11.263879361110376,6.111798148187898,3200.0000000000005,3476.245971185103,-3482.357769333291,310.7959387253499,276.2459711851026,34.54996754024734,0.6394952329027196,0.97072255124663,0.8888339156491388,1600,800,328.1716162346482,10.29614483742607,9.750995642816187,optimal_power,0.3999999999999999,0.3999999999999999,0.0001599999999999,True,False,0.0799999999999999,0.2233042563235414,850.1967286208528,22919.243055704617,3554.9475521848217,19364.2955035198,22919.243055704617,316.90773687353783,3476.24597118507,3476.245971185103,-3.2287061912938946e-11,0.9999999999999908,True,True,True,True,22,True,0.0,,none,,1.0,bounded,,3200.0,14.32217337917173,1019789.9640431104,1529684.9460646848,1529684.9460646848,1019789.9640431104,1019789.9640431104,1529684.9460646848,1529684.9460646848,12.924763419533916,38.644206111604376,17.0209442973549,7.824885672289668,7.924763419533917,22.0209442973549,22.0209442973549,429423.7898265931,446794.66774932586,426077.39909541415,226604.4737737961,226604.4737737961,423561.98260230006,234854.07858540423,1816.061335968196,1836.3429764075277,1768.017629244643,1092.1703595147058,1094.5882491120765,1795.3879619303689,1120.35710940602,37.844981341371415,cooling,True,True,True,,False,False,-2.7739588404074308e-11,26,17.24999647339331,17.276561675871722,26,26,15,14.999999999999948,18.25677544796289,19.996577648085577,16.516973247840212,0.2970568693818496,0.371321086727312,0.0002387028896528,0.0157775899370797,2144.836057387205,35.747267623120095,0.5957877937186683,1.500000000000019,True,9.71527013362799,2.78595432244324,3199.999999999999,3474.070588711947,-3476.85654303439,307.9605660430654,274.070588711948,33.88997733111739,0.6390822640744774,0.9718702123383136,0.8899535165603697,1600,800,320.4617904991366,10.390940765943744,9.985589842133209,optimal_power,0.5967572241321554,0.5967572241321554,0.0002387028896528,False,False,0.119351444826431,0.1873402257270374,998.9167828509622,7002.732961870958,310.7465203655086,3474.070588711975,3474.070588711947,2.7739588404074308e-11,1.000000000000008,True,True,True,True,23,False,0.0,none,1.0,bounded,Both auxiliary pressure and fan validity changed; matched UA1600/800. Previous low-load points below the new fan domain are not comparable steady operating points.
constant,0.5,,4000.0,0.2494580346772181,399.13285548354906,0.24,1.6,160.0,24.0,1025790.5535704796,1538685.830355754,1538685.830355754,1025790.5535704796,1025790.5535704796,1538685.830355754,1538685.830355754,13.12036081346082,38.91454311784071,17.911594221367864,8.020973334153211,8.12036081346082,22.23714779382891,22.23714779382891,429480.8697820573,446920.3815249055,426098.929582924,228053.22537523543,228053.22537523543,423609.4916124912,235213.05005285091,1815.708396241738,1836.2034544199144,1767.588887297813,1097.127215734325,1099.6853660092502,1795.015535919925,1121.5444044023673,38.072885758713646,cooling,True,True,3999.9999999981646,4000.000000000001,-1.8358150555286559e-09,-1329.9176507855625,7755.438318314285,True,,False,False,6.693881005048752e-10,26,17.859700914825794,17.89082168809331,26,26,15,14.999999916768427,18.681995003464664,20.007340840506515,17.356649166422812,0.399132855483549,0.4989160693544363,0.0004,0.0198582474207027,2663.410284856478,44.39017141427463,0.7398361902379106,1.5000000000000338,True,15.292201400404329,92.0,4000.000000000001,4346.318139085733,-4438.318139085733,386.0250438018678,346.318139085732,39.70690471613585,0.636433315294334,0.9791676430206532,0.8971390448529657,1600,800,493.31724520227215,10.36202200925868,8.108372530864804,constant,1.0,1.0,0.0004,False,False,0.2,0.165918484043359,1292.654288347116,138000.0,16973.153103001274,121026.84689699872,138000.0,478.0250438018678,4346.318139085063,4346.318139085733,-6.693881005048752e-10,0.999999999999846,True,True,True,False,0,False,8.323161182488549e-08,,none,,1.0,,1.0,4000.0,24.0,1023251.2044021032,1534876.8066031807,1534876.8066031807,1023251.2044021032,1023251.2044021032,1534876.8066031807,1534876.8066031807,13.03769263580483,38.82709871633199,17.820474910909525,7.938333518404988,8.03769263580483,22.14577043316029,22.14577043316029,429456.7784829741,446898.4109519931,426089.9001203477,227905.49027017827,227905.49027017827,423589.4507687175,235061.2848172404,1815.857543914214,1836.3622108713948,1767.7701670313309,1096.6315195964646,1099.1842252442982,1795.172934944123,1121.0425631799876,37.97642095901267,cooling,True,True,True,,False,False,2.992237568832934e-09,26,17.81198582973741,17.84300270057975,26,26,15,14.999999944529234,18.614918394893493,19.916119783441506,17.313717006345485,0.3968069364314577,0.4960086705393222,0.0004,0.0198460651651942,2668.3843062032333,44.47307177005389,0.7412178628342315,1.500000000000025,True,15.152328854048898,11.315435402000851,4000.000000000001,4346.147774567521,-4357.463209969522,385.8111283072316,346.14777456752034,39.663353739711226,0.6364127375382078,0.9792239046646608,0.8971948945232957,1600,800,412.2788925632813,10.36776729989679,9.70217023513042,constant,1.0,1.0,0.0004,False,False,0.2,0.165918484043359,1292.6821212672355,16973.153103001274,397.1265637092324,4346.147774564529,4346.147774567521,-2.992237568832934e-09,0.9999999999993116,True,True,True,False,0,False,5.547076398215722e-08,none,1.0,,Both auxiliary pressure and fan validity changed; matched UA1600/800. Previous low-load points below the new fan domain are not comparable steady operating points.
optimal,0.5,,4000.0,0.2973877192338023,475.82035077408375,0.24,1.6,160.0,10.698023266318538,1098711.1625622122,1648066.7438419466,1648066.7438419466,1098711.1625622122,1098711.1625622122,1648066.7438419466,1648066.7438419466,15.431159039883369,41.359621573217,19.79143292072388,10.33042548570478,10.431159039883369,24.79143292072388,24.79143292072388,430134.2301443834,447508.47209680406,426308.4367721286,231104.82482850287,231104.82482850287,424146.3363031256,239484.36403482212,1811.5498540143303,1831.76775050146,1762.473747427256,1107.2342596521878,1109.8197882346394,1790.6167541685038,1135.5963617449977,40.85542840617344,cooling,True,True,4000.0000000060168,4000.000000000001,6.01630745222792e-09,-1675.0041199583866,6236.143340749455,True,,False,False,0.0073958529437732,26,19.17166486663217,19.206205787007192,26,26,15,15.000000000000025,19.59917198062118,22.51838126320393,16.679962698038423,0.4758203507740837,0.5947754384676046,0.0001783003877719,0.0200975327924613,2516.450674581498,41.9408445763583,0.6990140762726383,1.4999999999987514,True,20.23387528610592,8.414345904327039,4000.000000000001,4349.179397382933,-4357.59374328726,389.9734125328008,349.17939738293194,40.79401514986887,0.6370768008969196,0.9774050066759058,0.8953928297703175,1600,800,418.62163372323374,10.257109514263512,9.55516790764939,optimal_power,0.4457509694299391,0.4457509694299391,0.0001783003877719,False,False,0.0891501938859878,0.2110876897464817,948.4518366409712,28315.179824806517,4267.880372945455,24047.299451861058,28315.179824806517,398.38775843712784,4349.172001529989,4349.179397382933,-0.0073958529437732,0.9999982994831282,True,True,True,True,16,False,0.0,,none,,1.0,bounded,,4000.0,16.91623088285735,1046369.9226662248,1569554.8839995416,1569554.8839995416,1046369.9226662248,1046369.9226662248,1569554.8839995416,1569554.8839995416,13.784701490318923,39.6160698683334,17.971483169678493,8.684524586167072,8.784701490318923,22.971483169678493,22.971483169678493,429672.6952150843,447093.151263232,426167.7186879816,228142.39008484097,228142.39008484097,423768.4785933027,236435.2374912857,1814.510847487936,1834.9231915321468,1766.1280156497044,1097.3366329814626,1099.8109995587515,1793.750838327901,1125.579366215561,38.85571565495381,cooling,True,True,True,,False,False,2.4556356947869062e-11,26,18.24125479183391,18.27325212334075,26,26,15,14.999999999999998,18.876642247744968,20.71962492174748,17.033659573742455,0.418761118090988,0.5234513976137349,0.0002819371813809,0.0198481315126026,2610.0652111371164,43.50108685228528,0.7250181142047546,1.5000000000001954,True,16.496137273918478,4.37240752900142,4000.0,4345.763502653148,-4350.135910182149,385.6698650035671,345.76350265314767,39.90636235041944,0.6366587819451713,0.9785507695221564,0.8965271441416602,1600,800,406.538409806487,10.371564809615093,9.83916870709463,optimal_power,0.7048429534523895,0.7048429534523895,0.0002819371813809,False,False,0.1409685906904779,0.178230856588692,1143.5592445663758,9305.06754927096,390.0422725325685,4345.763502653123,4345.763502653148,-2.4556356947869062e-11,0.9999999999999944,True,True,True,True,17,False,0.0,none,1.0,bounded,Both auxiliary pressure and fan validity changed; matched UA1600/800. Previous low-load points below the new fan domain are not comparable steady operating points.
constant,0.6,,4800.0,0.3406760430290432,545.0816688464693,0.24,1.6,160.0,24.0,1059591.993529344,1589387.9902944986,1589387.9902944986,1059591.993529344,1059591.993529344,1589387.9902944986,1589387.9902944986,14.206364575524276,40.10569736886214,18.437576516075357,9.106043042370516,9.206364575524276,23.437576516075357,23.437576516075357,429792.7939554482,447252.60744853376,426207.8494348944,228898.81648785493,228898.81648785493,423867.4638094381,237213.3661015553,1813.7516494095355,1834.2766379841876,1765.1968864700602,1099.8706136934177,1102.373066327513,1792.9482321345326,1128.1423597335513,39.35968315050312,cooling,True,True,4800.000000000019,4800.000000000001,1.8189894035458565e-11,-2292.097628021859,6241.416625527244,True,,False,False,1.1690644896589221e-08,26,18.847176478563934,18.8847908381006,26,26,15,15.000000000000014,19.40444786765181,20.989842879978653,17.81905285532497,0.5450816688464692,0.6813520860580865,0.0004,0.0238932000874655,3086.764610417945,51.44607684029908,0.8574346140049847,1.5000000000004554,True,25.241630138765828,92.0,4800.000000000001,5217.1708172801245,-5309.1708172801245,462.87154175431215,417.170817280124,45.70072447418818,0.6349129393377378,0.9833071978605936,0.9012669383367584,1600,800,580.113171893078,10.370047771370215,8.274247565067702,constant,1.0,1.0,0.0004,False,False,0.2,0.165918484043359,1374.8146531666914,138000.0,16973.153103001274,121026.84689699872,138000.0,554.8715417543121,5217.170817268434,5217.1708172801245,-1.1690644896589221e-08,0.9999999999977592,True,True,True,False,0,False,0.0,,none,,1.0,,1.0,4800.0,24.0,1056988.7257076872,1585483.0885619412,1585483.0885619412,1056988.7257076872,1056988.7257076872,1585483.0885619412,1585483.0885619412,14.12365837675543,40.018107638477886,18.346155461653492,9.023365102152413,9.12365837675543,23.346155461653492,23.346155461653492,429769.3394883466,447231.3396594557,426200.1967652222,228750.3272664292,228750.3272664292,423848.1674381752,237060.5936934361,1813.900508903257,1834.4350209029133,1765.3797675234946,1099.373549757874,1101.870472936353,1793.1056548105507,1127.639522474008,39.26039525620925,cooling,True,True,True,,False,False,3.1204763217829164e-09,26,18.802163920427404,18.839627459747145,26,26,15,14.99999999999998,19.337340616522567,20.89858016046196,17.776101072583174,0.5416729332156683,0.6770911665195853,0.0004,0.0238783384066228,3092.494320503358,51.541572008389295,0.8590262001398216,1.500000000000388,True,24.983201443703383,11.315435402000851,4800.0,5216.963549342249,-5228.27898474425,462.6167552444028,416.9635493422494,45.65320590215339,0.6348951418332366,0.9833554494305596,0.9013152779604048,1600,800,498.915392090107,10.3757590826215,9.620869742846285,constant,1.0,1.0,0.0004,False,False,0.2,0.165918484043359,1374.8380588262764,16973.153103001274,473.9321906464036,5216.963549339129,5216.963549342249,-3.1204763217829164e-09,0.9999999999994018,True,True,True,False,0,False,0.0,none,1.0,,Both auxiliary pressure and fan validity changed; matched UA1600/800. Previous low-load points below the new fan domain are not comparable steady operating points.
optimal,0.6,,4800.0,0.4031534050751815,645.0454481202905,0.24,1.6,160.0,12.33525514675923,1126354.5044112245,1689531.7566168366,1689531.7566168366,1126354.5044112245,1126354.5044112245,1689531.7566168366,1689531.7566168366,16.27701696075161,42.30035857217837,20.72641753497703,11.17600624248331,11.27701696075161,25.72641753497703,25.72641753497703,430363.4724199233,447765.0500352486,426363.60097658576,232636.14403010532,232636.14403010532,424331.2549551885,241062.34565436895,1810.0317519145387,1830.3157241263957,1760.5757415917742,1112.3229322477573,1114.9671578528453,1789.005845285519,1140.7529562435152,41.91670174462963,cooling,True,True,4800.000000003405,4800.0,3.4051481634378433e-09,-2601.3215629945885,4880.011837698199,True,,False,False,7.003109203651546e-11,26,19.955661584167444,19.997675307029567,26,26,15,15.00000000000001,20.18425611589919,23.225923111526757,17.142589120271623,0.6450454481202905,0.8063068101503631,0.0002055875857793,0.0242758552350276,2948.5449401726028,49.14241566954338,0.8190402611590564,1.5000000000000002,True,33.36442400546115,12.815994422707648,4800.0,5222.438179050736,-5235.254173473443,469.3519643639231,422.4381790507362,46.91378531318685,0.6353626545639094,0.9820863829851296,0.9000456184800131,1600,800,515.5323827920919,10.2268667534077,9.310763320052745,optimal_power,0.5139689644483012,0.5139689644483012,0.0002055875857793,False,False,0.1027937928896602,0.1980517447335158,1059.949633224135,37403.02034520055,5432.072692570156,31970.947652630395,37403.02034520055,482.1679587866307,5222.438179050666,5222.438179050736,-7.003109203651546e-11,0.9999999999999866,True,True,True,True,17,False,0.0,,none,,1.0,bounded,,4800.0,19.470265270028875,1072525.2848144348,1608787.927222628,1608787.927222628,1072525.2848144348,1072525.2848144348,1608787.927222628,1608787.927222628,14.615005922241778,40.53854611845958,18.88927778708205,9.514545563551508,9.615005922241778,23.88927778708205,23.88927778708205,429907.9443095136,447356.7972084913,426244.078520943,229633.36023528597,229633.36023528597,423961.9474071939,237969.26505810855,1813.0165048095728,1833.4943224195697,1764.291478360002,1102.3268613769012,1104.8567826937765,1792.1704225028525,1130.6277332897553,39.85341406193567,cooling,True,True,True,,False,False,-2.5465851649641987e-11,26,19.068773475036664,19.107158102495784,26,26,15,15.000000000000016,19.502395428491525,21.42550231991368,17.579288537069374,0.5625083768345214,0.7031354710431517,0.0003245044211671,0.0239670950869181,3058.6953383803148,50.97825563967192,0.8496375939945319,1.5000000000009095,True,26.58205025333458,6.404280735868017,4800.000000000001,5218.198316587445,-5224.602597323314,464.1348640257428,418.1983165874447,45.93654743829808,0.6350010652530564,0.9830682062589338,0.90102758702533,1600,800,497.1211950149454,10.341821681669174,9.655593139326305,optimal_power,0.8112610529178698,0.8112610529178698,0.0003245044211671,False,False,0.1622522105835739,0.1723536037285665,1276.4540579222464,11841.343879692642,470.5391447616108,5218.198316587471,5218.198316587445,2.5465851649641987e-11,1.0000000000000049,True,True,True,True,16,False,0.0,none,1.0,bounded,Both auxiliary pressure and fan validity changed; matched UA1600/800. Previous low-load points below the new fan domain are not comparable steady operating points.
constant,0.7,,5600.0,0.4519453125042219,723.1125000067551,0.24,1.6,160.0,24.0,1094005.853740944,1641008.780609558,1641008.780609558,1094005.853740944,1094005.853740944,1641008.780609558,1641008.780609558,15.285591801976976,41.281138296466,19.63052669626194,10.18490656792568,10.285591801976976,24.63052669626194,24.63052669626194,430094.2341903579,447562.40677257575,426297.74937802,230841.94369847747,230841.94369847747,424113.8746282608,239213.6023474101,1811.8112976005573,1832.3317386277413,1762.798904671629,1106.358811637218,1108.9343487924918,1790.893897272818,1134.7096884358314,40.67514251611897,cooling,True,True,5599.99999999453,5600.000000000001,-5.470610631164163e-09,-3253.2656212950374,4731.850344035306,True,,False,False,1.3041244528722018e-08,26,19.70957472640407,19.754989372572997,26,26,15,14.99999999999998,20.129323685022968,21.975640052295773,18.28300731775016,0.7231125000067551,0.903890625008444,0.0004,0.0281050721483585,3502.4615791707374,58.37435965284563,0.9729059942140936,1.4999999999983016,True,40.43001982922103,92.0,5600.000000000001,6090.9442507232125,-6182.9442507232125,542.8553157308853,490.9442507232115,51.91106500767381,0.6337693284386121,0.986398142232904,0.9043740320792802,1600,800,675.2853355601063,10.31582419426126,8.292790773185022,constant,1.0,1.0,0.0004,False,False,0.2,0.165918484043359,1444.95412307663,138000.0,16973.153103001274,121026.84689699872,138000.0,634.8553157308853,6090.944250710171,6090.9442507232125,-1.3041244528722018e-08,0.9999999999978588,True,True,True,False,0,False,0.0,,none,,1.0,,1.0,5600.0,24.0,1091337.978175647,1637006.9672613651,1637006.9672613651,1091337.978175647,1091337.978175647,1637006.9672613651,1637006.9672613651,15.20284696498777,41.19341166182841,19.5390626593354,10.102189277162664,10.20284696498777,24.5390626593354,24.5390626593354,430071.42854564055,447541.8702424013,426291.5200876743,230692.5984613205,230692.5984613205,424095.3396572751,239059.79675260663,1811.9599368666557,1832.4898579436988,1762.983546576423,1105.8612154521436,1108.4310874545893,1791.051425611208,1134.205770981745,40.57296770895425,cooling,True,True,True,,False,False,1.3184035196900368e-08,26,19.66696399552916,19.712167635700805,26,26,15,15.000000000000004,20.06218276399011,21.884331543286635,18.240033984693586,0.7182471633658134,0.8978089542072667,0.0004,0.0280872347261325,3508.903426352724,58.481723772545394,0.9746953962090898,1.4999999999980709,True,39.97141099194481,11.315435402000851,5600.0,6090.696396706133,-6102.011832108134,542.555754844741,490.6963967061336,51.85935813860749,0.6337536890826555,0.9864402785764662,0.9044165365945704,1600,800,593.8426012386867,10.321519862235188,9.430108227868883,constant,1.0,1.0,0.0004,False,False,0.2,0.165918484043359,1444.971440313957,16973.153103001274,553.8711902467419,6090.696396692949,6090.696396706133,-1.3184035196900368e-08,0.9999999999978354,True,True,True,False,0,False,0.0,none,1.0,,Both auxiliary pressure and fan validity changed; matched UA1600/800. Previous low-load points below the new fan domain are not comparable steady operating points.
optimal,0.7,,5600.0,0.5270409433913756,843.265509426201,0.24,1.6,160.0,14.088884143557229,1152193.0633168796,1728289.5949753174,1728289.5949753174,1152193.0633168796,1152193.0633168796,1728289.5949753174,1728289.5949753174,17.053651246740287,43.15690373471784,21.58487193946354,11.952391681629422,12.053651246740287,26.58487193946354,26.58487193946354,430569.1344880908,447986.2380733677,426403.5959397082,234047.8974123376,234047.8974123376,424495.38041755167,242518.29790051284,1808.639266262304,1828.9552255007668,1758.819459786008,1116.9978500551908,1119.6969427973384,1787.5257061564882,1145.494419393831,42.91198664071952,cooling,True,True,5600.000000001332,5600.000000000001,1.331500243395567e-09,-3517.3013921834417,3569.393231272331,True,,False,False,0.0270900541463561,26,20.60586838326128,20.656452203844324,26,26,15,15.000000000000004,20.760283052504803,23.87101892078573,17.649547184223877,0.843265509426201,1.0540818867827513,0.0002348147357259,0.0284956480191571,3369.1300265857017,56.15216710976169,0.9358694518293617,1.4999999999999982,True,52.51436475633827,18.987456256204517,5600.000000000001,6096.311653279253,-6115.299109535457,549.3462194856031,496.3116532792516,53.034566206351485,0.6341061333317467,0.9854898345075256,0.903458758201682,1600,800,620.8480404981459,10.19393562996343,9.019920551745262,optimal_power,0.5870368393148845,0.5870368393148845,0.0002348147357259,False,False,0.1174073678629769,0.1883892496287847,1169.1698163921194,48516.860402741375,6809.526296892044,41707.33410584933,48516.860402741375,568.3336757418076,6096.2845632251065,6096.311653279253,-0.0270900541463561,0.9999955563206596,True,True,True,True,17,False,0.0,,none,,1.0,bounded,,5600.0,22.20483708567787,1097713.654622151,1646570.481931748,1646570.481931748,1097713.654622151,1097713.654622151,1646570.481931748,1646570.481931748,15.400338543426244,41.4028022776061,19.757364760465062,10.299615204955558,10.400338543426244,24.757364760465062,24.757364760465062,430125.77518635074,447590.7832520386,426306.202909004,231049.15000834013,231049.15000834013,424139.4788153089,239427.01708236884,1811.60520371124,1832.112484933052,1762.5426272369243,1107.04889715082,1109.6323076027018,1790.6754344494989,1135.408611363879,40.817199812766646,cooling,True,True,True,,False,False,4.665707820095122e-09,26,19.768570256794703,19.81428159095165,26,26,15,14.999999999999984,20.12547594626173,22.094431489202293,18.156520403321167,0.7299585060177926,0.9124481325222408,0.0003700806180946,0.0281298720781135,3493.5588294384,58.22598049064,0.9704330081773332,1.4999999999986529,True,41.079412242163926,9.15592169896567,5600.0,6091.288442731022,-6100.444364429987,543.2713398735865,491.2884427310222,51.9828971425643,0.6337910350422136,0.9863396532663226,0.9043150386790876,1600,800,593.5066738147161,10.30792458387932,9.435445711177016,optimal_power,0.9252015452365778,0.9252015452365778,0.0003700806180946,False,False,0.1850403090473155,0.1680361508137665,1404.8899236273792,14844.206237179053,552.4272615725522,6091.288442726356,6091.288442731022,-4.665707820095122e-09,0.999999999999234,True,True,True,True,16,False,0.0,none,1.0,bounded,Both auxiliary pressure and fan validity changed; matched UA1600/800. Previous low-load points below the new fan domain are not comparable steady operating points.
constant,0.8,,6400.0,0.5883361437035547,941.3378299256876,0.24,1.6,160.0,24.0,1129185.0051771856,1693777.507765778,1693777.507765778,1129185.0051771856,1129185.0051771856,1693777.507765778,1693777.507765778,16.362743125888073,42.462083403549286,20.82117587065005,11.261704669434891,11.362743125888072,25.82117587065005,25.82117587065005,430386.4018550494,447869.9934209868,426368.5222837608,232791.70319411223,232791.70319411223,424349.63960255845,241222.71865552512,1809.8779886735656,1830.419863025764,1760.3825373182049,1112.838825144909,1115.4890609664576,1788.8425231741876,1141.2759945591993,42.02557423305486,cooling,True,True,6400.000000002904,6399.999999999998,2.9058355721645053e-09,-4214.123606593377,3223.648919184385,True,,False,False,4.747562343254684e-10,26,20.47754340247405,20.532284979930644,26,26,15,15.000000000000014,20.85550003839984,22.96320589268845,18.74779418411123,0.9413378299256876,1.1766722874071094,0.0004,0.0323895329346972,3904.227180221493,65.07045300369155,1.084507550061526,1.4999999999999996,True,63.4402624149721,92.0,6399.999999999998,6966.28536484172,-7058.28536484172,624.5132868050654,566.2853648417216,58.22792196334376,0.6323080145303082,0.98702,0.9067627171533358,1600,800,779.9535492200375,10.247980523747742,8.205616868337955,constant,1.0,1.0,0.0004,False,False,0.2,0.165918484043359,1504.3293774413978,138000.0,16973.153103001274,121026.84689699872,138000.0,716.5132868050654,6966.285364841245,6966.28536484172,-4.747562343254684e-10,0.9999999999999318,True,True,True,False,0,False,0.0,,none,,1.0,,1.0,6400.0,24.0,1126452.039690739,1689678.0595361092,1689678.0595361092,1126452.039690739,1126452.039690739,1689678.0595361092,1689678.0595361092,16.279973663112912,42.37455655778217,20.729685760170295,11.178961987054777,11.279973663112912,25.729685760170295,25.729685760170295,430364.2641950576,447850.5839990556,426363.7727859566,232641.50815923544,232641.50815923544,424331.8901438215,241067.8755491635,1810.026448344801,1830.5789575632373,1760.569080614781,1112.3407249084964,1114.9851576170863,1789.0002125049173,1140.7709945359582,41.920452708023774,cooling,True,True,True,,False,False,4.4474290916696186e-10,26,20.437129511356204,20.4915829946002,26,26,15,14.99999999999999,20.788333733525636,22.87186286284356,18.70480460420771,0.9344990720142232,1.1681238400177791,0.0004,0.0323685554880718,3911.48263006416,65.19137716773601,1.0865229527956002,1.5000000000000009,True,62.64792492888525,11.315435402000851,6399.999999999999,6966.006912857877,-6977.322348259878,624.1795430361129,566.0069128578782,58.172630178234726,0.6322810083559759,0.98702,0.906801447071986,1600,800,698.142903366999,10.253460036305157,9.16717762099152,constant,1.0,1.0,0.0004,False,False,0.2,0.165918484043359,1504.340784549349,16973.153103001274,635.4949784381138,6966.006912857432,6966.006912857877,-4.4474290916696186e-10,0.9999999999999362,True,True,True,False,0,False,0.0,none,1.0,,Both auxiliary pressure and fan validity changed; matched UA1600/800. Previous low-load points below the new fan domain are not comparable steady operating points.
optimal,0.8,,6400.0,0.6723831439173864,1075.8130302678185,0.24,1.6,160.0,15.928145955643744,1177330.9785951118,1765996.4678926675,1765996.4678926675,1177330.9785951118,1177330.9785951118,1765996.4678926675,1765996.4678926675,17.796759781717753,43.97938399082028,22.40625045001377,12.695267422767644,12.796759781717752,27.40625045001377,27.40625045001377,430761.52140117256,448196.0751213786,426432.0292133578,235403.96347439996,235403.96347439996,424647.2413711655,243917.92973380056,1807.307816785403,1827.6641378896595,1757.1259380611775,1121.4736479856886,1124.2261286249295,1786.1081150285895,1150.0378080230264,43.88339788435438,cooling,True,True,6399.999999997695,6399.999999999999,-2.303750079590827e-09,-4428.274603784249,2280.8170102646336,True,,False,False,0.0561833064020902,26,21.16784314456993,21.228192934287804,26,26,15,14.999999999999986,21.341478009980165,24.49038284437512,18.19257317558521,1.0758130302678184,1.3447662878347728,0.0002654690992607,0.0327604422778409,3781.756483814474,63.029274730241234,1.0504879121706872,1.5,True,79.9309016138902,27.30028754254462,6399.999999999999,6971.163690790728,-6998.463978333272,630.362919582026,571.1636907907281,59.19922879129797,0.6327795113371616,0.98702,0.9060870699206878,1600,800,737.5941087384609,10.152881461117095,8.676858890516623,optimal_power,0.6636727481518226,0.6636727481518226,0.0002654690992607,False,False,0.1327345496303645,0.1812248524708543,1275.5351173046015,61702.7464633052,8395.077924969577,53307.66853833562,61702.7464633052,657.6632071245707,6971.107507484326,6971.163690790728,-0.0561833064020902,0.9999919406129458,True,True,True,True,21,False,0.0,,none,,1.0,bounded,,6400.0,25.1043898980836,1122435.3083550031,1683652.9625325047,1683652.9625325047,1122435.3083550031,1122435.3083550031,1683652.9625325047,1683652.9625325047,16.158050125104467,42.24563502374741,20.594916022528707,11.057078009555651,11.158050125104468,25.594916022528707,25.594916022528707,430331.55884421605,447821.8772400885,426356.5654378095,232420.37740642505,232420.37740642505,424305.6321801985,240839.92481023943,1810.2451640052093,1830.813323899885,1760.8435984594823,1111.6070519103632,1114.2429556362024,1789.2324755282484,1140.0272406739991,41.7660168253314,cooling,True,True,True,,False,False,0.0144032290681934,26,20.377488214070357,20.4315236132984,26,26,15,14.999999999999964,20.750907208285557,22.74308253152213,18.758731885048974,0.9245862894191672,1.1557328617739588,0.0004184064983013,0.0323377383405277,3922.2081249578423,65.37013541596404,1.089502256932734,1.5,True,61.50748423946197,12.792013775871148,6400.000000000001,6965.5973397782445,-6978.389353554116,623.6886734080817,565.5973397782436,58.09133362983812,0.632241269028903,0.98702,0.9068584437931122,1600,800,697.9881714234149,10.261529947349963,9.169209826218705,optimal_power,1.0460162457534832,1.0460162457534832,0.0004184064983013,False,False,0.2092032491506966,0.1648204740928259,1529.358339273895,18343.90311020925,636.4806871839529,6965.582936549176,6965.5973397782445,-0.0144032290681934,0.999997932233466,True,True,True,True,18,False,0.0,none,1.0,bounded,Both auxiliary pressure and fan validity changed; matched UA1600/800. Previous low-load points below the new fan domain are not comparable steady operating points.
constant,0.9,,7200.0,0.7567061999335691,1210.7299198937108,0.24,1.6,160.0,24.0,1165150.1873947792,1747725.281092168,1747725.281092168,1165150.1873947792,1165150.1873947792,1747725.281092168,1747725.281092168,17.438185560211593,43.63782971067718,22.00991103037802,12.33680486715832,12.438185560211592,27.00991103037802,27.00991103037802,430669.2300111703,448162.1735631118,426419.5276896887,234748.9695674,234748.9695674,424574.6024187902,243241.7544804043,1807.9501904775716,1828.4977655639425,1757.944764656977,1119.3135841402009,1122.0401937857146,1786.7923374470647,1147.8446404266856,43.41230538545396,cooling,True,True,7200.0000000043065,7200.000000000001,4.305547918193042e-09,-5174.726392338926,1716.5710486697617,True,,False,False,-1.546140993013978e-11,26,21.169600274221462,21.235466614286484,26,26,15,14.99999999999998,21.582699266643544,23.952162795008174,19.21323573827891,1.2107299198937107,1.5134123998671385,0.0004,0.0367496448998771,4288.291992183372,71.4715332030562,1.1911922200509366,1.4999999999999991,True,98.17772345786288,92.0,7200.000000000001,7842.859463787446,-7934.859463787446,707.4990450459562,642.8594637874447,64.6395812585115,0.6310040664523409,0.98702,0.9086365109449543,1600,800,897.6767685038191,10.176692181305093,8.020704392295265,constant,1.0,1.0,0.0004,False,False,0.2,0.165918484043359,1555.427907728045,138000.0,16973.153103001274,121026.84689699872,138000.0,799.4990450459562,7842.859463787461,7842.859463787446,1.546140993013978e-11,1.000000000000002,True,True,True,False,0,False,0.0,,none,,1.0,,1.0,7200.0,24.0,1162350.5610210146,1743525.841531521,1743525.841531521,1162350.5610210146,1162350.5610210146,1743525.841531521,1743525.841531521,17.355373086237762,43.55015334916584,21.918375983279475,12.254018359725706,12.355373086237762,26.918375983279475,26.918375983279475,430647.7714723206,448143.5150387799,426416.3162279925,234597.8712550993,234597.8712550993,424557.65666779847,243085.80688233543,1808.098569959,1828.6566961976637,1758.133431835313,1118.8148113770735,1121.5354752545047,1786.9503065979034,1147.3383527654537,43.30413278075876,cooling,True,True,True,,False,False,-1.6370904631912708e-11,26,21.13122104670265,21.196700812836824,26,26,15,14.99999999999995,21.515496614697867,23.86077033484787,19.170222894547862,1.2011860733744837,1.5014825917181045,0.0004,0.0367253438641002,4296.161279386395,71.60268798977326,1.1933781331628877,1.4999999999999991,True,96.83214635293696,11.315435402000851,7200.000000000001,7842.537198636338,-7853.852634038339,707.117166536825,642.5371986363373,64.57996790048776,0.6309797866202205,0.98702,0.9086714748889856,1600,800,815.2647482917629,10.1821881022387,8.83148696798957,constant,1.0,1.0,0.0004,False,False,0.2,0.165918484043359,1555.4335214541622,16973.153103001274,718.4326019388259,7842.537198636354,7842.537198636338,1.6370904631912708e-11,1.000000000000002,True,True,True,False,0,False,0.0,none,1.0,,Both auxiliary pressure and fan validity changed; matched UA1600/800. Previous low-load points below the new fan domain are not comparable steady operating points.
optimal,0.9,,7200.0,0.8410078689142664,1345.6125902628262,0.24,1.6,160.0,17.951276530963497,1201336.8313685884,1802005.2470528807,1802005.2470528807,1201336.8313685884,1201336.8313685884,1802005.2470528807,1802005.2470528807,18.49535121485297,44.75755363545869,23.17840094433018,13.39364497789154,13.495351214852974,28.17840094433018,28.17840094433018,430938.3949079702,448394.6078139575,426449.73768466886,236683.56299388252,236683.56299388252,424785.29328302096,245239.67616157405,1806.0566936651792,1826.468854534971,1755.5214779744044,1125.6839460381211,1128.4874236041874,1784.7739112913414,1154.315294395726,44.81397715730338,cooling,True,True,7200.000000002815,7200.0,2.814886101987213e-09,-5332.599788172259,1021.5097269215476,True,,False,False,0.0697043142963593,26,21.65379403004624,21.725063793868035,26,26,15,14.999999999999986,21.92265491096856,25.07097205045204,18.77433777148508,1.3456125902628262,1.6820157378285328,0.0002991879421827,0.0370647150912792,4189.78009486167,69.8296682476945,1.1638278041282415,1.499999999999999,True,118.0667237274458,38.8997842560772,7200.0,7847.00955793313,-7885.909342189208,712.4181350423435,647.0095579331305,65.40857710921296,0.6313157316539365,0.98702,0.9081879392285188,1600,800,869.3846430258665,10.1064243677234,8.281719786239405,optimal_power,0.7479698554568123,0.7479698554568123,0.0002991879421827,False,False,0.1495939710913624,0.1755702382712601,1382.6754032026815,78010.73259627493,10301.185395363937,67709.547200911,78010.73259627493,751.3179192984206,7846.939853618834,7847.00955793313,-0.0697043142963593,0.9999911170855876,True,True,True,True,17,False,0.0,,none,,1.0,bounded,,7200.0,28.34913368361387,1146386.2867700553,1719579.430155082,1719579.430155082,1146386.2867700553,1146386.2867700553,1719579.430155082,1719579.430155082,16.880265381583172,43.047243618932384,21.39322092568534,11.779060890055518,11.880265381583172,26.39322092568534,26.39322092568534,430523.6242540904,448035.2157717163,426395.5673644825,233732.23618656967,233732.23618656967,424459.214742362,242192.653308755,1808.950045883519,1829.5685462716608,1759.212732464434,1115.953922080641,1118.6406838158578,1787.8562620323596,1144.4352784099742,42.68803249455542,cooling,True,True,True,,False,False,0.0469324583555135,26,20.909813373806173,20.97316693761384,26,26,15,14.999999999999984,21.3755590967798,23.36221684559331,19.38890134796628,1.1489381239866634,1.4361726549833291,0.0004724855613935,0.0365869668927261,4341.74507549458,72.36241792490966,1.2060402987484944,1.4999999999999991,True,89.61275743167036,17.824956714957604,7200.0,7840.696019094325,-7858.520975809283,704.93570603097,640.6960190943248,64.23968693664517,0.6308408742883719,0.98702,0.9088715660349556,1600,800,812.373420177598,10.213697417227554,8.862919220604194,optimal_power,1.1812139034839113,1.1812139034839113,0.0004724855613935,False,False,0.2362427806967822,0.1622584991859297,1654.1293369569046,22635.557364822856,722.7606627459276,7840.64908663597,7840.696019094325,-0.0469324583555135,0.9999940142484492,True,True,True,True,19,False,0.0,none,1.0,bounded,Both auxiliary pressure and fan validity changed; matched UA1600/800. Previous low-load points below the new fan domain are not comparable steady operating points.
constant,1.0,,8000.0,0.966648466567176,1546.6375465074818,0.24,1.6,160.0,24.0,1201924.3413805957,1802886.5120708945,1802886.5120708945,1201924.3413805957,1201924.3413805957,1802886.5120708945,1802886.5120708945,18.512316215262278,44.80642550573543,23.19715198305636,13.410604846213232,13.512316215262274,28.19715198305636,28.19715198305636,430942.6415986098,448435.8567452576,426450.0569397941,236714.6957157164,236714.6957157164,424788.58827773336,245271.84720981543,1806.0263153688895,1826.55457411551,1755.48235886854,1125.7862249480038,1128.5909507993838,1784.7414895118975,1154.419250175736,44.83678787279596,cooling,True,True,7999.999999996941,8000.0,-3.0586306820623573e-09,-6135.133281587573,210.3556418865519,True,,False,False,-9.640643838793039e-11,26,21.79854914851541,21.8776627106058,26,26,15,14.99999999999995,22.310802364605507,24.942348917824745,19.67925581138627,1.5466375465074818,1.933296933134352,0.0004,0.0411887175330756,4653.586911243082,77.55978185405137,1.292663030900856,1.500000000000001,True,150.64046185361502,92.0,8000.0,8720.523097420595,-8812.523097420595,791.6641726328211,720.5230974205953,71.14107521222581,0.6299635554842511,0.98702,0.9101373061059044,1600,800,1034.304634486436,10.105294993197136,7.734665139513994,constant,1.0,1.0,0.0004,False,False,0.2,0.165918484043359,1600.0000000000005,138000.0,16973.153103001274,121026.84689699872,138000.0,883.6641726328211,8720.523097420692,8720.523097420595,9.640643838793039e-11,1.000000000000011,True,True,True,False,0,False,0.0,,none,,1.0,,1.0,8000.0,24.0,1199056.962505025,1798585.443757536,1798585.443757536,1199056.962505025,1199056.962505025,1798585.443757536,1798585.443757536,18.42945836990333,44.718605991492666,23.105570894158177,13.327772094416105,13.42945836990333,28.105570894158177,28.105570894158177,430921.8785973853,448417.9807734045,426448.4474474402,236562.6683675145,236562.6683675145,424772.4693452368,245114.7553775336,1806.1746860767,1826.7134507691003,1755.6733472538083,1125.2867055064082,1128.085339125962,1784.8998289151775,1153.9115614223358,44.72547516476853,cooling,True,True,True,,False,False,2.5465851649641987e-11,26,21.762094184409364,21.84069639966536,26,26,15,15.000000000000004,22.24356194821553,24.85090509978835,19.63621879664271,1.5333331884844663,1.916666485605583,0.0004,0.0411608999158738,4662.018038438316,77.70030064063859,1.29500501067731,1.499999999999999,True,148.37935277722147,11.315435402000851,8000.0,8720.15531058503,-8731.470745987031,791.2323260873628,720.1553105850302,71.07701550233264,0.6299414653135607,0.98702,0.9101692219100704,1600,800,950.9271142665852,10.110810360289411,8.412842456564196,constant,1.0,1.0,0.0004,False,False,0.2,0.165918484043359,1600.0,16973.153103001274,802.5477614893637,8720.155310585005,8720.15531058503,-2.5465851649641987e-11,0.9999999999999972,True,True,True,False,0,False,0.0,none,1.0,,Both auxiliary pressure and fan validity changed; matched UA1600/800. Previous low-load points below the new fan domain are not comparable steady operating points.
optimal,1.0,,8000.0,1.0,1600.0,0.24,1.6,160.0,21.811241089363246,1213046.3271161965,1820636.928821985,1820636.928821985,1213046.3271161965,1213046.3271161965,1820636.928821985,1820636.928821985,18.832306164058025,45.18099564966792,23.57337280531118,13.730518913915375,13.832306164058023,28.57337280531118,28.57337280531118,431022.3065179696,448525.3714098792,426455.3371317624,237339.93643007372,237339.93643007372,424850.2218483451,245918.0728707695,1805.4533554231848,1825.954552007209,1754.6958627448148,1127.838718289565,1130.6747439460278,1784.1297518723927,1156.5058514175705,45.26893867562769,cooling,True,True,7999.969846832021,8000.0,-0.030153167978824,-6182.919453628942,-0.0301531680242987,True,,False,True,-6.773916538804769e-09,26,21.938689284784232,22.01984270137475,26,26,15,15.000000000000064,22.410373211383103,25.299331623564623,19.52141479920158,1.6,2.0,0.0003635206848227,0.0413047403146165,4622.2527175381565,77.03754529230261,1.2839590882050436,1.5008799648651736,False,159.856,69.28253753096548,8000.0,8722.959550070205,-8792.242087601171,794.374218208517,722.9595500702059,71.41466813831119,0.6302107045402905,0.9869971561121,0.9100994638278084,1600,800,1023.5127557394824,10.07082029681389,7.816219148358384,optimal_power,0.9088017120568018,0.9088017120568018,0.0003635206848227,False,False,0.1817603424113603,0.1685661777178122,1539.8263518860963,114352.56439080386,14394.004214497278,99958.56017630658,114352.56439080386,863.6567557394825,8722.95955007698,8722.959550070205,6.773916538804769e-09,1.0000000000007765,True,True,False,True,18,False,-5.684341886080803e-14,,none,,9.006428238475111,bounded,,8000.0,31.85757409476761,1170154.0834984512,1755231.125247677,1755231.125247677,1170154.0834984512,1170154.0834984512,1755231.125247677,1755231.125247677,17.58582809488354,43.82475518337117,22.173103980713226,12.484401271637068,12.58582809488354,27.173103980713226,27.173103980713226,430707.3537095471,448232.20928879606,426424.9522428703,235018.5156865013,235018.5156865013,424604.65642273537,243519.98558243076,1807.6856744677016,1828.3309370909888,1757.6079912526989,1120.2029084310975,1122.94014557277,1786.510654634189,1148.747483560989,43.6057428526988,cooling,True,True,True,,False,False,1.0004441719502209e-10,26,21.387143043764468,21.46090138657288,26,26,15,15.000000000000025,22.004538427524324,23.970923037055343,20.038153817993305,1.40869784135175,1.7608723016896877,0.0005309595682461,0.040881227978153,4749.241942824574,79.15403238040956,1.319233873006826,1.5000000000000002,True,127.91784962453116,24.522479100933708,8000.000000000001,8716.437616219486,-8740.960095320419,786.867893820272,716.4376162194852,70.43027760078678,0.6297175352063293,0.98702,0.9104928817735272,1600,800,939.3082225457368,10.166890862911831,8.516906174118438,optimal_power,1.3273989206153172,1.3273989206153172,0.0005309595682461,False,False,0.2654797841230634,0.1602693148381781,1777.2452151238508,27711.12593217224,811.3903729212057,8716.437616219386,8716.437616219486,-1.0004441719502209e-10,0.9999999999999886,True,True,True,True,16,False,0.0,none,1.0,bounded,Both auxiliary pressure and fan validity changed; matched UA1600/800. Previous low-load points below the new fan domain are not comparable steady operating points.
