kind,plr,prescribed_ratio,cooling_load_W,indoor_fan_flow_ratio_to_ref,indoor_fan_flow_L_s,indoor_fan_flow_min_m3_s,indoor_fan_flow_max_m3_s,indoor_fan_reference_power_W,ground_flow_L_min,P_ref_cmp_in [Pa],P_ref_cmp_out [Pa],P_ref_exp_in [Pa],P_ref_exp_out [Pa],P_ref_evap_sat [Pa],P_ref_cond_sat_l [Pa],P_ref_cond_sat_v [Pa],T_ref_cmp_in [°C],T_ref_cmp_out [°C],T_ref_exp_in [°C],T_ref_exp_out [°C],T_ref_evap_sat [°C],T_ref_cond_sat_l [°C],T_ref_cond_sat_v [°C],h_ref_cmp_in [J/kg],h_ref_cmp_out [J/kg],h_ref_cond_sat_v [J/kg],h_ref_exp_in [J/kg],h_ref_exp_out [J/kg],h_ref_evap_sat [J/kg],h_ref_cond_sat_l [J/kg],s_ref_cmp_in [J/(kg·K)],s_ref_cmp_out [J/(kg·K)],s_ref_cond_sat_v [J/(kg·K)],s_ref_exp_in [J/(kg·K)],s_ref_exp_out [J/(kg·K)],s_ref_evap_sat [J/(kg·K)],s_ref_cond_sat_l [J/(kg·K)],rho_ref_cmp_in [kg/m3],mode,hp_is_on,converged,Q_iu_HX_available [W],Q_iu_ref_required [W],iu_hx_capacity_margin [W],iu_hx_min_flow_margin [W],iu_hx_max_flow_margin [W],converged_rps,capacity_clamped,iu_fan_flow_min_limit,iu_fan_flow_max_limit,err_Q_evap [W],T_iu_a_in [°C],T_iu_a_mid [°C],T_iu_a_out [°C],T_a_room [°C],T0 [°C],Ts [°C],T_bhe [°C],T_bhe_f [°C],T_bhe_f_in [°C],T_bhe_f_out [°C],dV_iu_a [m3/s],v_iu_a [m/s],dV_bhe_f [m3/s],m_dot_ref [kg/s],cmp_rpm [rpm],cmp_rps [rev/s],n_star [-],pressure_ratio,pr_floor_active,E_iu_fan [W],E_pmp [W],Q_ref_iu [W],Q_ref_ground [W],Q_bhe [W],E_cmp [W],E_cmp_ref [W],E_cmp_loss [W],eta_is [-],eta_v [-],eta_em [-],UA_ground_rated [W/K],UA_iu_rated [W/K],E_tot [W],cop_ref [-],cop_sys [-],ground_flow_control,ground_flow_ratio,ground_flow_ref_ratio,ground_flow [m3/s],ground_flow_at_min,ground_flow_at_max,m_dot_borehole [kg/s],R_b_eff [mK/W],UA_ground [W/K],ground_pressure_drop [Pa],ground_pressure_drop_bhe [Pa],ground_pressure_drop_aux [Pa],ground_pressure_drop_total [Pa],E_cmp_plus_pmp [W],Q_HX_available [W],Q_ref_required [W],hx_capacity_margin [W],hx_capacity_ratio,hx_feasible,approach_solver_success,approach_at_bound,flow_optimizer_success,flow_optimizer_nfev,flow_bound_active,ground_temperature_residual [K],candidate_ground_flow_ratio,failure_reason,Q_ref_tank [W],ground_approach [K],flow_optimizer_method
constant,0.3,,2400.0,0.15,240.0,0.24,1.6,160.0,0.0,933176.1684178826,1440715.7836632726,1440715.7836632726,933176.1684178826,933176.1684178826,1440715.7836632726,1440715.7836632726,10.0,37.14296937571112,16.994167049300188,4.903712659295422,5.0,19.83069306187531,19.83069306187531,428538.48883734277,446925.73333087453,425827.56718386884,226584.038272147,226584.038272147,422814.80246487225,231239.0897853616,1821.3618044484456,1842.339333797808,1772.329243834077,1092.3790693243554,1095.4115290343145,1800.965247799539,1108.344857542968,34.57268748692573,cooling,False,False,3136.0660440909332,2400.0,736.0660440909332,736.066044090936,11407.001478556322,True,,True,False,-3.1515673981630243e-07,26,15.386177804545525,15.410221761630847,26,26,15,14.999999998720773,17.24861986328824,18.058017732221344,16.439221994355137,0.24,0.3,0.0,0.0,0.0,29.740253449360438,0.49567089082267396,1.543884030071062,False,0.0,0.0,0.0,0.0,0.0,0.0,0.0,0.0,0.6491994616993401,0.9631607173818828,0.8862772617824825,1600,800,0.0,,,constant,,,0.0,False,False,0.0,0.165918484043359,1058.957969137304,0.0,0.0,0.0,0.0,0.0,2618.5115837983353,2618.5115834831786,3.1515673981630243e-07,1.0000000001203573,False,False,False,False,0,False,1.2792042980436236e-09,1.0,load_hx_capacity_insufficient,0.0,,
optimal,0.3,,2400.0,0.15,240.0,0.24,1.6,160.0,0.0,933176.1684178826,1517226.104159673,1517226.104159673,933176.1684178826,933176.1684178826,1517226.104159673,1517226.104159673,10.0,40.13313872518626,16.72009625730584,4.90348448299676,5.0,21.72009625730584,21.72009625730584,428538.48883734277,448768.07429037435,426046.4849473746,226119.0216964216,226119.0216964216,422814.80246487225,234355.2160749631,1821.3618044484456,1843.4165276535225,1768.6132293836342,1090.5355787140668,1093.739547703353,1800.965247799539,1118.7054773457526,34.57268748692573,cooling,False,False,3136.0660440909332,2400.0000000000005,736.0660440909328,736.0660440909355,11407.001478556322,True,,True,False,6.824911906733178e-07,26,15.386177804545525,15.410221761630847,26,26,15,14.999997057631795,17.954273554076167,19.929582049676583,15.978965058475751,0.24,0.3,0.0,0.0,0.0,29.7377637830179,0.4956293963836317,1.6258731796933854,False,0.0,0.0,0.0,0.0,0.0,0.0,0.0,0.0,0.6616783750621585,0.9610285074357862,0.8917890751191051,1600,800,0.0,,,optimal_power,,,0.0,False,False,0.0,0.22330425632354145,779.3077428170848,0.0,0.0,0.0,0.0,0.0,2639.853437195969,2639.85343787846,-6.824911906733178e-07,0.9999999997414663,False,False,False,False,10,False,2.9423682121887396e-06,,load_hx_capacity_insufficient,0.0,,
constant,0.4,,3200.0,0.17469561255197727,279.51298008316365,0.24,1.6,160.0,24.0,992592.1868179223,1488888.2802268828,1488888.2802268828,992592.1868179223,992592.1868179223,1488888.2802268828,1488888.2802268828,12.02719557159594,37.69920655263269,17.4493822155427,6.928793782946514,7.027195571595939,21.028833527208008,21.028833527208008,429158.39081594936,446556.6170977173,425971.29778691346,227312.68508199273,227312.68508199273,423339.94987625256,233211.79702346367,1817.6831768659877,1838.084382966742,1769.9775242893568,1094.7372329167047,1097.373955557453,1797.0976097516143,1114.9125852132388,36.81398336696191,cooling,True,True,3199.999999989323,3200.0000000000005,-1.0677467798814178e-08,-366.6682033763759,9274.168514063562,True,,False,False,1.3954831956652924e-08,26,16.700794453610968,16.726580739502104,26,26,15,14.999999998122423,17.95984152961526,19.025245898632875,16.894437160597647,0.27951298008316366,0.34939122510395454,0.0004,0.015853693732864303,2212.9135477523773,36.881892462539625,0.6146982077089937,1.4999999999999993,True,8.87345853790716,92.00000000000001,3200.0000000000005,3475.8261509662198,-3567.8261509662198,309.54098771609284,275.8261509662195,33.71483674987337,0.638666374204536,0.9730232306683879,0.8910811876687678,1600,800,410.414446254,10.337887798351929,7.796996497583234,constant,1.0,1.0,0.0004,False,False,0.2,0.165918484043359,1190.5370937920936,138000.0,16973.153103001274,121026.84689699873,138000.0,401.54098771609284,3475.826150952265,3475.8261509662198,-1.3954831956652924e-08,0.9999999999959852,True,True,True,False,0,False,1.8775381249724887e-09,,none,,1.0,
optimal,0.4,,3200.0,0.2047615629045594,327.6185006472951,0.24,1.6,160.0,9.6,1061837.275396204,1592755.913094856,1592755.913094856,1061837.275396204,1061837.275396204,1592755.913094856,1592755.913094856,14.277574823120233,40.0749038114397,18.516290333151062,9.177229002471734,9.277574823120233,23.516290333151062,23.516290333151062,429812.94827074785,447146.1946272899,426214.3524008827,229026.71380375352,229026.71380375352,423884.031363248,237344.96169234774,1813.6235006469249,1833.7423111632197,1765.0393274127205,1100.2986038371212,1102.8058254216219,1792.8126911511263,1128.575353317976,39.44534235604146,cooling,True,True,3199.999999999415,3200.0000000000005,-5.852598405908793e-10,-702.7319156160006,7794.597578201257,True,,False,False,3.228706191293895e-11,26,18.066233593189054,18.094160151840793,26,26,15,15.000000000000012,18.8881265596674,21.48783225225378,16.288420867081015,0.3276185006472951,0.4095231258091188,0.00015999999999999999,0.015937347540256917,2081.1107798833036,34.68517966472173,0.5780863277453622,1.500000000000518,True,11.263879361110376,6.111798148187898,3200.0000000000005,3476.245971185103,-3482.357769333291,310.7959387253499,276.2459711851026,34.54996754024734,0.6394952329027196,0.9707225512466301,0.8888339156491388,1600,800,328.1716162346482,10.29614483742607,9.750995642816187,optimal_power,0.39999999999999997,0.39999999999999997,0.00015999999999999999,True,False,0.07999999999999999,0.22330425632354145,850.1967286208528,22919.243055704617,3554.9475521848217,19364.295503519796,22919.243055704617,316.90773687353783,3476.2459711850706,3476.245971185103,-3.228706191293895e-11,0.9999999999999907,True,True,True,True,22,True,0.0,,none,,1.0,bounded
constant,0.5,,4000.0,0.24945803467721814,399.13285548354906,0.24,1.6,160.0,24.0,1025790.5535704796,1538685.8303557541,1538685.8303557541,1025790.5535704796,1025790.5535704796,1538685.8303557541,1538685.8303557541,13.12036081346082,38.91454311784071,17.911594221367864,8.020973334153211,8.12036081346082,22.23714779382891,22.23714779382891,429480.86978205724,446920.3815249055,426098.929582924,228053.22537523546,228053.22537523546,423609.49161249114,235213.05005285094,1815.708396241738,1836.2034544199144,1767.588887297813,1097.1272157343253,1099.6853660092502,1795.015535919925,1121.5444044023673,38.072885758713646,cooling,True,True,3999.9999999981646,4000.0000000000005,-1.8358150555286556e-09,-1329.9176507855623,7755.438318314285,True,,False,False,6.693881005048752e-10,26,17.859700914825794,17.89082168809331,26,26,15,14.999999916768429,18.681995003464664,20.007340840506515,17.356649166422812,0.39913285548354904,0.4989160693544363,0.0004,0.019858247420702756,2663.410284856478,44.39017141427463,0.7398361902379106,1.5000000000000338,True,15.292201400404327,92.00000000000001,4000.0000000000005,4346.318139085733,-4438.318139085733,386.0250438018678,346.31813908573196,39.70690471613585,0.636433315294334,0.9791676430206531,0.8971390448529657,1600,800,493.31724520227215,10.36202200925868,8.108372530864804,constant,1.0,1.0,0.0004,False,False,0.2,0.165918484043359,1292.6542883471159,138000.0,16973.153103001274,121026.84689699873,138000.0,478.0250438018678,4346.318139085063,4346.318139085733,-6.693881005048752e-10,0.999999999999846,True,True,True,False,0,False,8.323161182488548e-08,,none,,1.0,
optimal,0.5,,4000.0,0.2973877192338023,475.82035077408375,0.24,1.6,160.0,10.698023266318538,1098711.1625622122,1648066.7438419466,1648066.7438419466,1098711.1625622122,1098711.1625622122,1648066.7438419466,1648066.7438419466,15.431159039883369,41.359621573217,19.791432920723878,10.33042548570478,10.431159039883369,24.791432920723878,24.791432920723878,430134.23014438344,447508.47209680406,426308.4367721286,231104.82482850287,231104.82482850287,424146.33630312554,239484.36403482215,1811.5498540143303,1831.7677505014597,1762.473747427256,1107.2342596521878,1109.8197882346394,1790.6167541685038,1135.5963617449975,40.85542840617344,cooling,True,True,4000.0000000060168,4000.0000000000005,6.01630745222792e-09,-1675.0041199583866,6236.143340749455,True,,False,False,0.007395852943773207,26,19.17166486663217,19.206205787007192,26,26,15,15.000000000000025,19.59917198062118,22.518381263203935,16.679962698038423,0.47582035077408374,0.5947754384676046,0.00017830038777197563,0.020097532792461396,2516.450674581498,41.9408445763583,0.6990140762726383,1.4999999999987514,True,20.23387528610592,8.414345904327039,4000.0000000000005,4349.179397382933,-4357.59374328726,389.9734125328008,349.17939738293194,40.79401514986887,0.6370768008969196,0.9774050066759058,0.8953928297703175,1600,800,418.62163372323374,10.257109514263512,9.55516790764939,optimal_power,0.4457509694299391,0.4457509694299391,0.00017830038777197563,False,False,0.08915019388598781,0.21108768974648173,948.4518366409711,28315.179824806513,4267.880372945455,24047.299451861058,28315.179824806513,398.38775843712784,4349.172001529989,4349.179397382933,-0.007395852943773207,0.9999982994831282,True,True,True,True,16,False,0.0,,none,,1.0,bounded
constant,0.6,,4800.0,0.34067604302904325,545.0816688464693,0.24,1.6,160.0,24.0,1059591.993529344,1589387.9902944986,1589387.9902944986,1059591.993529344,1059591.993529344,1589387.9902944986,1589387.9902944986,14.206364575524276,40.10569736886214,18.437576516075353,9.106043042370516,9.206364575524276,23.437576516075353,23.437576516075353,429792.7939554482,447252.60744853376,426207.8494348944,228898.81648785493,228898.81648785493,423867.4638094381,237213.36610155526,1813.7516494095355,1834.2766379841873,1765.1968864700602,1099.8706136934175,1102.373066327513,1792.9482321345326,1128.1423597335513,39.359683150503116,cooling,True,True,4800.000000000019,4800.000000000001,1.8189894035458565e-11,-2292.097628021859,6241.416625527244,True,,False,False,1.169064489658922e-08,26,18.847176478563938,18.884790838100596,26,26,15,15.000000000000014,19.40444786765181,20.989842879978653,17.81905285532497,0.5450816688464692,0.6813520860580865,0.0004,0.023893200087465545,3086.764610417945,51.44607684029908,0.8574346140049847,1.5000000000004554,True,25.241630138765828,92.00000000000001,4800.000000000001,5217.1708172801245,-5309.1708172801245,462.87154175431215,417.17081728012397,45.70072447418818,0.6349129393377378,0.9833071978605935,0.9012669383367584,1600,800,580.113171893078,10.370047771370217,8.274247565067702,constant,1.0,1.0,0.0004,False,False,0.2,0.165918484043359,1374.8146531666914,138000.0,16973.153103001274,121026.84689699873,138000.0,554.8715417543121,5217.170817268434,5217.1708172801245,-1.169064489658922e-08,0.9999999999977592,True,True,True,False,0,False,0.0,,none,,1.0,
optimal,0.6,,4800.0,0.40315340507518155,645.0454481202905,0.24,1.6,160.0,12.33525514675923,1126354.5044112243,1689531.7566168366,1689531.7566168366,1126354.5044112243,1126354.5044112243,1689531.7566168366,1689531.7566168366,16.27701696075161,42.30035857217837,20.72641753497703,11.17600624248331,11.27701696075161,25.72641753497703,25.72641753497703,430363.4724199233,447765.0500352486,426363.60097658576,232636.14403010535,232636.14403010535,424331.2549551885,241062.34565436898,1810.0317519145387,1830.3157241263953,1760.5757415917742,1112.3229322477573,1114.9671578528453,1789.005845285519,1140.7529562435152,41.91670174462963,cooling,True,True,4800.000000003405,4800.0,3.4051481634378433e-09,-2601.3215629945885,4880.011837698199,True,,False,False,7.003109203651547e-11,26,19.955661584167444,19.997675307029567,26,26,15,15.00000000000001,20.18425611589919,23.225923111526754,17.142589120271623,0.6450454481202905,0.8063068101503631,0.0002055875857793205,0.024275855235027684,2948.5449401726028,49.14241566954338,0.8190402611590564,1.5000000000000002,True,33.36442400546115,12.815994422707647,4800.0,5222.438179050736,-5235.254173473443,469.35196436392306,422.4381790507362,46.91378531318685,0.6353626545639094,0.9820863829851295,0.9000456184800131,1600,800,515.5323827920919,10.2268667534077,9.310763320052745,optimal_power,0.5139689644483012,0.5139689644483012,0.0002055875857793205,False,False,0.10279379288966024,0.1980517447335158,1059.949633224135,37403.02034520055,5432.072692570156,31970.947652630395,37403.02034520055,482.1679587866307,5222.438179050666,5222.438179050736,-7.003109203651547e-11,0.9999999999999866,True,True,True,True,17,False,0.0,,none,,1.0,bounded
constant,0.7,,5600.0,0.45194531250422193,723.1125000067551,0.24,1.6,160.0,24.0,1094005.853740944,1641008.780609558,1641008.780609558,1094005.853740944,1094005.853740944,1641008.780609558,1641008.780609558,15.285591801976977,41.281138296466,19.63052669626194,10.18490656792568,10.285591801976977,24.63052669626194,24.63052669626194,430094.2341903579,447562.40677257575,426297.74937802,230841.94369847747,230841.94369847747,424113.8746282608,239213.6023474101,1811.8112976005575,1832.3317386277413,1762.7989046716293,1106.358811637218,1108.9343487924918,1790.893897272818,1134.7096884358314,40.67514251611897,cooling,True,True,5599.99999999453,5600.000000000001,-5.470610631164163e-09,-3253.2656212950374,4731.850344035306,True,,False,False,1.3041244528722018e-08,26,19.70957472640407,19.754989372572993,26,26,15,14.99999999999998,20.129323685022968,21.975640052295773,18.28300731775016,0.7231125000067551,0.9038906250084439,0.0004,0.028105072148358574,3502.4615791707374,58.37435965284563,0.9729059942140937,1.4999999999983016,True,40.43001982922103,92.00000000000001,5600.000000000001,6090.9442507232125,-6182.9442507232125,542.8553157308853,490.9442507232115,51.91106500767381,0.6337693284386121,0.9863981422329039,0.9043740320792802,1600,800,675.2853355601063,10.315824194261259,8.292790773185022,constant,1.0,1.0,0.0004,False,False,0.2,0.165918484043359,1444.9541230766301,138000.0,16973.153103001274,121026.84689699873,138000.0,634.8553157308853,6090.944250710171,6090.9442507232125,-1.3041244528722018e-08,0.9999999999978589,True,True,True,False,0,False,0.0,,none,,1.0,
optimal,0.7,,5600.0,0.5270409433913756,843.265509426201,0.24,1.6,160.0,14.088884143557229,1152193.0633168796,1728289.5949753174,1728289.5949753174,1152193.0633168796,1152193.0633168796,1728289.5949753174,1728289.5949753174,17.053651246740287,43.156903734717844,21.58487193946354,11.952391681629422,12.053651246740287,26.58487193946354,26.58487193946354,430569.13448809076,447986.2380733677,426403.5959397082,234047.8974123376,234047.8974123376,424495.38041755167,242518.29790051284,1808.6392662623039,1828.9552255007668,1758.8194597860079,1116.9978500551908,1119.6969427973384,1787.5257061564882,1145.494419393831,42.91198664071952,cooling,True,True,5600.000000001332,5600.000000000001,1.331500243395567e-09,-3517.3013921834417,3569.393231272331,True,,False,False,0.027090054146356124,26,20.60586838326128,20.656452203844324,26,26,15,15.000000000000004,20.760283052504803,23.87101892078573,17.649547184223877,0.843265509426201,1.0540818867827513,0.0002348147357259538,0.028495648019157164,3369.1300265857017,56.15216710976169,0.9358694518293615,1.4999999999999982,True,52.51436475633827,18.987456256204513,5600.000000000001,6096.311653279253,-6115.299109535457,549.3462194856031,496.31165327925163,53.034566206351485,0.6341061333317467,0.9854898345075255,0.903458758201682,1600,800,620.8480404981459,10.19393562996343,9.019920551745262,optimal_power,0.5870368393148845,0.5870368393148845,0.0002348147357259538,False,False,0.11740736786297691,0.18838924962878473,1169.1698163921194,48516.860402741375,6809.526296892044,41707.33410584933,48516.860402741375,568.3336757418076,6096.2845632251065,6096.311653279253,-0.027090054146356124,0.9999955563206596,True,True,True,True,17,False,0.0,,none,,1.0,bounded
constant,0.8,,6400.0,0.5883361437035547,941.3378299256875,0.24,1.6,160.0,24.0,1129185.0051771856,1693777.5077657779,1693777.5077657779,1129185.0051771856,1129185.0051771856,1693777.5077657779,1693777.5077657779,16.362743125888073,42.462083403549286,20.821175870650052,11.261704669434891,11.362743125888073,25.821175870650052,25.821175870650052,430386.4018550494,447869.99342098675,426368.52228376083,232791.70319411223,232791.70319411223,424349.63960255845,241222.71865552512,1809.8779886735658,1830.419863025764,1760.3825373182049,1112.838825144909,1115.4890609664576,1788.8425231741876,1141.2759945591993,42.02557423305486,cooling,True,True,6400.000000002904,6399.999999999998,2.9058355721645057e-09,-4214.123606593377,3223.648919184385,True,,False,False,4.747562343254685e-10,26,20.477543402474055,20.532284979930644,26,26,15,15.000000000000014,20.85550003839984,22.96320589268845,18.74779418411123,0.9413378299256875,1.1766722874071094,0.0004,0.03238953293469722,3904.227180221493,65.07045300369155,1.084507550061526,1.4999999999999996,True,63.4402624149721,92.00000000000001,6399.999999999998,6966.2853648417195,-7058.2853648417195,624.5132868050654,566.2853648417216,58.22792196334376,0.6323080145303082,0.98702,0.9067627171533358,1600,800,779.9535492200375,10.247980523747742,8.205616868337955,constant,1.0,1.0,0.0004,False,False,0.2,0.165918484043359,1504.3293774413978,138000.0,16973.153103001274,121026.84689699873,138000.0,716.5132868050654,6966.285364841245,6966.2853648417195,-4.747562343254685e-10,0.9999999999999318,True,True,True,False,0,False,0.0,,none,,1.0,
optimal,0.8,,6400.0,0.6723831439173864,1075.8130302678185,0.24,1.6,160.0,15.928145955643744,1177330.9785951118,1765996.4678926677,1765996.4678926677,1177330.9785951118,1177330.9785951118,1765996.4678926677,1765996.4678926677,17.796759781717753,43.97938399082028,22.406250450013772,12.695267422767643,12.796759781717753,27.406250450013772,27.406250450013772,430761.52140117256,448196.07512137864,426432.02921335783,235403.96347439993,235403.96347439993,424647.2413711655,243917.92973380059,1807.307816785403,1827.6641378896593,1757.1259380611777,1121.4736479856886,1124.2261286249297,1786.1081150285895,1150.0378080230264,43.88339788435438,cooling,True,True,6399.999999997695,6399.999999999999,-2.3037500795908272e-09,-4428.274603784249,2280.8170102646336,True,,False,False,0.05618330640209024,26,21.16784314456993,21.228192934287804,26,26,15,14.999999999999986,21.341478009980165,24.49038284437512,18.19257317558521,1.0758130302678184,1.3447662878347728,0.0002654690992607291,0.032760442277840925,3781.756483814474,63.029274730241234,1.0504879121706872,1.5,True,79.9309016138902,27.30028754254462,6399.999999999999,6971.163690790728,-6998.463978333272,630.362919582026,571.1636907907281,59.19922879129797,0.6327795113371616,0.98702,0.9060870699206878,1600,800,737.5941087384609,10.152881461117095,8.676858890516623,optimal_power,0.6636727481518226,0.6636727481518226,0.0002654690992607291,False,False,0.13273454963036455,0.18122485247085435,1275.5351173046015,61702.7464633052,8395.077924969577,53307.66853833562,61702.7464633052,657.6632071245707,6971.107507484326,6971.163690790728,-0.05618330640209024,0.9999919406129458,True,True,True,True,21,False,0.0,,none,,1.0,bounded
constant,0.9,,7200.0,0.7567061999335691,1210.7299198937108,0.24,1.6,160.0,24.0,1165150.1873947792,1747725.281092168,1747725.281092168,1165150.1873947792,1165150.1873947792,1747725.281092168,1747725.281092168,17.438185560211593,43.63782971067718,22.00991103037802,12.336804867158321,12.438185560211593,27.00991103037802,27.00991103037802,430669.2300111703,448162.1735631118,426419.5276896887,234748.96956740002,234748.96956740002,424574.6024187902,243241.7544804043,1807.9501904775714,1828.4977655639423,1757.944764656977,1119.3135841402009,1122.0401937857146,1786.7923374470647,1147.8446404266856,43.41230538545396,cooling,True,True,7200.0000000043065,7200.000000000001,4.305547918193042e-09,-5174.726392338926,1716.5710486697617,True,,False,False,-1.546140993013978e-11,26,21.169600274221466,21.235466614286484,26,26,15,14.999999999999979,21.582699266643544,23.952162795008178,19.21323573827891,1.2107299198937107,1.5134123998671383,0.0004,0.03674964489987712,4288.291992183372,71.4715332030562,1.1911922200509366,1.4999999999999993,True,98.17772345786288,92.00000000000001,7200.000000000001,7842.859463787446,-7934.859463787446,707.4990450459562,642.8594637874447,64.6395812585115,0.6310040664523409,0.98702,0.9086365109449543,1600,800,897.6767685038191,10.176692181305091,8.020704392295265,constant,1.0,1.0,0.0004,False,False,0.2,0.165918484043359,1555.427907728045,138000.0,16973.153103001274,121026.84689699873,138000.0,799.4990450459562,7842.859463787461,7842.859463787446,1.546140993013978e-11,1.000000000000002,True,True,True,False,0,False,0.0,,none,,1.0,
optimal,0.9,,7200.0,0.8410078689142664,1345.6125902628262,0.24,1.6,160.0,17.951276530963497,1201336.8313685884,1802005.2470528812,1802005.2470528812,1201336.8313685884,1201336.8313685884,1802005.2470528812,1802005.2470528812,18.495351214852974,44.75755363545869,23.17840094433018,13.39364497789154,13.495351214852974,28.17840094433018,28.17840094433018,430938.3949079702,448394.6078139575,426449.73768466886,236683.56299388254,236683.56299388254,424785.29328302096,245239.67616157405,1806.0566936651792,1826.468854534971,1755.5214779744044,1125.6839460381211,1128.4874236041874,1784.7739112913414,1154.315294395726,44.81397715730338,cooling,True,True,7200.000000002815,7200.0,2.814886101987213e-09,-5332.599788172259,1021.5097269215476,True,,False,False,0.06970431429635937,26,21.653794030046242,21.725063793868035,26,26,15,14.999999999999986,21.92265491096856,25.070972050452042,18.77433777148508,1.3456125902628262,1.6820157378285328,0.0002991879421827249,0.03706471509127925,4189.78009486167,69.8296682476945,1.1638278041282417,1.499999999999999,True,118.06672372744579,38.8997842560772,7200.0,7847.00955793313,-7885.909342189208,712.4181350423435,647.0095579331305,65.40857710921296,0.6313157316539365,0.98702,0.9081879392285188,1600,800,869.3846430258665,10.1064243677234,8.281719786239405,optimal_power,0.7479698554568123,0.7479698554568123,0.0002991879421827249,False,False,0.14959397109136247,0.1755702382712601,1382.6754032026815,78010.73259627493,10301.185395363935,67709.547200911,78010.73259627493,751.3179192984206,7846.939853618834,7847.00955793313,-0.06970431429635937,0.9999911170855876,True,True,True,True,17,False,0.0,,none,,1.0,bounded
constant,1.0,,8000.0,0.9666484665671761,1546.6375465074818,0.24,1.6,160.0,24.0,1201924.3413805955,1802886.5120708945,1802886.5120708945,1201924.3413805955,1201924.3413805955,1802886.5120708945,1802886.5120708945,18.512316215262274,44.80642550573543,23.197151983056358,13.410604846213232,13.512316215262274,28.197151983056358,28.197151983056358,430942.6415986098,448435.85674525757,426450.05693979404,236714.69571571637,236714.69571571637,424788.58827773336,245271.84720981543,1806.0263153688898,1826.5545741155101,1755.48235886854,1125.7862249480038,1128.5909507993838,1784.7414895118975,1154.419250175736,44.83678787279596,cooling,True,True,7999.999999996941,8000.0,-3.0586306820623577e-09,-6135.133281587573,210.3556418865519,True,,False,False,-9.640643838793039e-11,26,21.798549148515406,21.877662710605797,26,26,15,14.99999999999995,22.310802364605507,24.942348917824745,19.67925581138627,1.5466375465074818,1.9332969331343521,0.0004,0.041188717533075646,4653.586911243082,77.55978185405137,1.292663030900856,1.500000000000001,True,150.64046185361502,92.00000000000001,8000.0,8720.523097420595,-8812.523097420595,791.6641726328211,720.5230974205953,71.14107521222581,0.6299635554842511,0.98702,0.9101373061059043,1600,800,1034.304634486436,10.105294993197136,7.734665139513994,constant,1.0,1.0,0.0004,False,False,0.2,0.165918484043359,1600.0000000000005,138000.0,16973.153103001274,121026.84689699873,138000.0,883.6641726328211,8720.523097420692,8720.523097420595,9.640643838793039e-11,1.000000000000011,True,True,True,False,0,False,0.0,,none,,1.0,
optimal,1.0,,8000.0,1.0,1600.0,0.24,1.6,160.0,21.811241089363246,1213046.3271161963,1820636.9288219847,1820636.9288219847,1213046.3271161963,1213046.3271161963,1820636.9288219847,1820636.9288219847,18.832306164058025,45.18099564966792,23.57337280531118,13.730518913915375,13.832306164058025,28.57337280531118,28.57337280531118,431022.30651796964,448525.3714098792,426455.33713176235,237339.93643007375,237339.93643007375,424850.2218483451,245918.0728707695,1805.4533554231848,1825.954552007209,1754.6958627448148,1127.838718289565,1130.6747439460278,1784.1297518723927,1156.5058514175703,45.26893867562769,cooling,True,True,7999.969846832021,8000.0,-0.030153167978824058,-6182.919453628942,-0.030153168024298793,True,,False,True,-6.7739165388047695e-09,26,21.938689284784232,22.01984270137475,26,26,15,15.000000000000064,22.410373211383103,25.299331623564626,19.52141479920158,1.6,2.0,0.00036352068482272076,0.04130474031461657,4622.2527175381565,77.03754529230261,1.2839590882050436,1.5008799648651736,False,159.856,69.28253753096548,8000.0,8722.959550070205,-8792.242087601171,794.374218208517,722.9595500702059,71.41466813831119,0.6302107045402905,0.9869971561121,0.9100994638278085,1600,800,1023.5127557394825,10.07082029681389,7.816219148358384,optimal_power,0.9088017120568018,0.9088017120568018,0.00036352068482272076,False,False,0.18176034241136038,0.16856617771781227,1539.8263518860965,114352.56439080386,14394.004214497278,99958.56017630658,114352.56439080386,863.6567557394825,8722.95955007698,8722.959550070205,6.7739165388047695e-09,1.0000000000007765,True,True,False,True,18,False,-5.684341886080802e-14,,none,,9.006428238475111,bounded
